/*
Navicat MySQL Data Transfer

Source Server         : ps
Source Server Version : 50505
Source Host           : localhost:3306
Source Database       : ps

Target Server Type    : MYSQL
Target Server Version : 50505
File Encoding         : 65001

Date: 2020-08-18 14:41:11
*/

SET FOREIGN_KEY_CHECKS=0;

-- ----------------------------
-- Table structure for `ps_admin`
-- ----------------------------
DROP TABLE IF EXISTS `ps_admin`;
CREATE TABLE `ps_admin` (
  `id` int(11) NOT NULL,
  `openid` varchar(50) NOT NULL DEFAULT '' COMMENT '用户唯一标识',
  `user_id` int(11) DEFAULT NULL COMMENT '保存用户ID',
  `create_time` bigint(20) DEFAULT NULL COMMENT '创建时间',
  PRIMARY KEY (`id`)
) ENGINE=InnoDB DEFAULT CHARSET=utf8;

-- ----------------------------
-- Records of ps_admin
-- ----------------------------
INSERT INTO `ps_admin` VALUES ('2', 'oJwhPxIiFt7npgUpPF4tOhGS3YMI', '1', '20200810105559');

-- ----------------------------
-- Table structure for `ps_batch`
-- ----------------------------
DROP TABLE IF EXISTS `ps_batch`;
CREATE TABLE `ps_batch` (
  `id` int(11) NOT NULL,
  `create_time` bigint(20) NOT NULL DEFAULT 0 COMMENT '创建时间',
  `introduce` varchar(1000) NOT NULL DEFAULT '' COMMENT '介绍',
  `goods_num` int(11) NOT NULL DEFAULT 0 COMMENT '产品数量',
  `down_num` int(11) NOT NULL COMMENT '下载次数',
  `code` varchar(2) NOT NULL DEFAULT '' COMMENT '代码',
  PRIMARY KEY (`id`)
) ENGINE=InnoDB DEFAULT CHARSET=utf8;

-- ----------------------------
-- Records of ps_batch
-- ----------------------------
INSERT INTO `ps_batch` VALUES ('1', '20200811173911', '数控', '50', '1', 'YK');
INSERT INTO `ps_batch` VALUES ('2', '20200811180148', '数控', '5000', '3', 'YC');

-- ----------------------------
-- Table structure for `ps_goods`
-- ----------------------------
DROP TABLE IF EXISTS `ps_goods`;
CREATE TABLE `ps_goods` (
  `id` char(32) NOT NULL COMMENT 'guid',
  `code` varchar(16) NOT NULL COMMENT '代码',
  `batch_id` int(11) NOT NULL DEFAULT 0 COMMENT '批次ID',
  `look_num` int(11) NOT NULL COMMENT '查看次数',
  `openid` varchar(50) NOT NULL DEFAULT '' COMMENT '用户唯一标识',
  `confirm_time` bigint(20) NOT NULL COMMENT '确认时间',
  PRIMARY KEY (`id`)
) ENGINE=InnoDB DEFAULT CHARSET=utf8;

-- ----------------------------
-- Records of ps_goods
-- ----------------------------
INSERT INTO `ps_goods` VALUES ('058e973f1101403cb6607f786d6bb96d', 'YK37837124875103', '1', '0', '', '0');
INSERT INTO `ps_goods` VALUES ('068616d3d7da49b9830ab9986c31d83d', 'YK39257525017143', '1', '0', '', '0');
INSERT INTO `ps_goods` VALUES ('0d95b13400734481a064678907fcf6b7', 'YK62056467297037', '1', '0', '', '0');
INSERT INTO `ps_goods` VALUES ('118a8c4fca0f49b2a6895143284f13f7', 'YK64672617558653', '1', '0', '', '0');
INSERT INTO `ps_goods` VALUES ('156b59e9780145be9a11eafd031a064d', 'YK45910235682415', '1', '0', '', '0');
INSERT INTO `ps_goods` VALUES ('1bab7cc138324ed9afc303698cd6e5a5', 'YK27147853806177', '1', '0', '', '0');
INSERT INTO `ps_goods` VALUES ('1cedd1f29dfd4bff8d76031184694ece', 'YK72745738365964', '1', '0', '', '0');
INSERT INTO `ps_goods` VALUES ('1d4a55bc9a0b43f7af30e457041c502a', 'YK99581222049514', '1', '0', '', '0');
INSERT INTO `ps_goods` VALUES ('24704a18e6ad4f5cbbe5e15c3b2ad724', 'YK25727453664137', '1', '0', '', '0');
INSERT INTO `ps_goods` VALUES ('2bff0735b241492cb991d0224bb68a0a', 'YK21690903260481', '1', '0', '', '0');
INSERT INTO `ps_goods` VALUES ('2c35c4a1197c46cfa813f39f0e73f18f', 'YK15038182595210', '1', '0', '', '0');
INSERT INTO `ps_goods` VALUES ('2ee3caa43f634b59a19b65014e0c0826', 'YK49946796086070', '1', '0', '', '0');
INSERT INTO `ps_goods` VALUES ('3035fd647a5b4a05b10afc89ba444708', 'YK44489835540375', '1', '0', '', '0');
INSERT INTO `ps_goods` VALUES ('3875b338621e409e80fb1970142f5ed4', 'YK79398449031235', '1', '0', '', '0');
INSERT INTO `ps_goods` VALUES ('3df6c57bc97643ae90ad6a271ae645a9', 'YK96965061787899', '1', '0', '', '0');
INSERT INTO `ps_goods` VALUES ('3e019c247c0f4f1f94a354573d344098', 'YK13617782453170', '1', '0', '', '0');
INSERT INTO `ps_goods` VALUES ('42e730227bba4518a39722ed23e402d7', 'YK91508111242203', '1', '0', '', '0');
INSERT INTO `ps_goods` VALUES ('439b32dc8f5a406cbfdf964a7ef84126', 'YK66093017700693', '1', '0', '', '0');
INSERT INTO `ps_goods` VALUES ('4460d923d4ab4748a4790975f668175e', 'YK95544661645859', '1', '0', '', '0');
INSERT INTO `ps_goods` VALUES ('45297ff802e2495b9f6763ff13794120', 'YK19074742998865', '1', '0', '', '0');
INSERT INTO `ps_goods` VALUES ('45a5cd94de76435c9cac186612c5e133', 'YK87471559838546', '1', '0', '', '0');
INSERT INTO `ps_goods` VALUES ('47fc49dfca464d84b8323fa0e2063e3e', 'YK88891959980586', '1', '0', '', '0');
INSERT INTO `ps_goods` VALUES ('54fc045f72344693b7bb2f189527f3b1', 'YK83434999434891', '1', '0', '', '0');
INSERT INTO `ps_goods` VALUES ('5e7015303cee48c88b307a812648a8c2', 'YK80818849173275', '1', '0', '', '0');
INSERT INTO `ps_goods` VALUES ('5fb849e5a9074e8aa6646a2eb9cb13fe', 'YK36416724733063', '1', '0', '', '0');
INSERT INTO `ps_goods` VALUES ('61430352229341f6b6f40c68d800404e', 'YK40453285136719', '1', '0', '', '0');
INSERT INTO `ps_goods` VALUES ('6cd33520546d41179b411f2ad4b6c56e', 'YK29764014067792', '1', '0', '', '0');
INSERT INTO `ps_goods` VALUES ('71b94244e5c64eb1b2812c02d91b7a2e', 'YK48526395944030', '1', '0', '', '0');
INSERT INTO `ps_goods` VALUES ('79e35ea7688949128783f073a97ab9b8', 'YK52562956347686', '1', '0', '', '0');
INSERT INTO `ps_goods` VALUES ('7a2641852501488298011aa411011838', 'YK17654342856825', '1', '0', '', '0');
INSERT INTO `ps_goods` VALUES ('7b819e1f9e48459da9c46ae9f5ec0b1b', 'YK60636067154997', '1', '0', '', '0');
INSERT INTO `ps_goods` VALUES ('8a2dd932623d43e2bad84fa1dabbd1b8', 'YK11001632191554', '1', '0', '', '0');
INSERT INTO `ps_goods` VALUES ('8ac548964a054ffcba7c23e5076843df', 'YK32380174329408', '1', '0', '', '0');
INSERT INTO `ps_goods` VALUES ('8ccc8d3514074d7ea573a495265ae310', 'YK70129578104348', '1', '0', '', '0');
INSERT INTO `ps_goods` VALUES ('8d16f81beda5428785019af54b1749d6', 'YK75361888627579', '1', '0', '', '0');
INSERT INTO `ps_goods` VALUES ('8d372145fb3d42ef9f1947ca0fe4eb1f', 'YK78202688911660', '1', '0', '', '0');
INSERT INTO `ps_goods` VALUES ('8fb611f730564616a9210e72b2021c7d', 'YK82239249315315', '1', '0', '', '0');
INSERT INTO `ps_goods` VALUES ('94e1955b45ee41e3861e8902793f06b3', 'YK56599506751341', '1', '0', '', '0');
INSERT INTO `ps_goods` VALUES ('9f36af9140f644f0b7865217df6f4804', 'YK41873685278759', '1', '0', '', '0');
INSERT INTO `ps_goods` VALUES ('a7a73b6f4bfa4e9a82f03a7f81693204', 'YK53983356489726', '1', '0', '', '0');
INSERT INTO `ps_goods` VALUES ('aca70b07a4464087b80d371c68117916', 'YK68709177962308', '1', '0', '', '0');
INSERT INTO `ps_goods` VALUES ('c6d0a5b56dea463fb09ca5127215c93a', 'YK33800574471448', '1', '0', '', '0');
INSERT INTO `ps_goods` VALUES ('cba73001231047cdb98b1c7c070f5a74', 'YK23111303402521', '1', '0', '', '0');
INSERT INTO `ps_goods` VALUES ('d328c524c0dc46df96b9e9e29b5dad44', 'YK92928511384243', '1', '0', '', '0');
INSERT INTO `ps_goods` VALUES ('d423238dc7974c1399a40ad531fd5e35', 'YK35220974613488', '1', '0', '', '0');
INSERT INTO `ps_goods` VALUES ('d5275a22b4764480b7c9bb5f5c578031', 'YK58019906893381', '1', '0', '', '0');
INSERT INTO `ps_goods` VALUES ('d658b0721575435dae9a3734bd232046', 'YK74166138508004', '1', '0', '', '0');
INSERT INTO `ps_goods` VALUES ('d6a107849a4c4f59bb134ecacc22b867', 'YK84855399576931', '1', '0', '', '0');
INSERT INTO `ps_goods` VALUES ('f2be14d913c44d34b29bf9d8bc00d1aa', 'YK76782288769619', '1', '0', '', '0');
INSERT INTO `ps_goods` VALUES ('fd33412adaf94d8e95d4165991c7a43c', 'YK31184414209832', '1', '0', '', '0');

-- ----------------------------
-- Table structure for `ps_goods_log`
-- ----------------------------
DROP TABLE IF EXISTS `ps_goods_log`;
CREATE TABLE `ps_goods_log` (
  `id` int(11) NOT NULL COMMENT 'guid',
  `goods_guid` char(32) NOT NULL COMMENT '产品代码',
  `openid` varchar(100) NOT NULL DEFAULT '' COMMENT '用户唯一标识',
  `create_time` bigint(20) NOT NULL,
  `ip` varchar(16) NOT NULL COMMENT 'IP地址',
  PRIMARY KEY (`id`)
) ENGINE=InnoDB DEFAULT CHARSET=utf8;

-- ----------------------------
-- Records of ps_goods_log
-- ----------------------------

-- ----------------------------
-- Table structure for `sys_files`
-- ----------------------------
DROP TABLE IF EXISTS `sys_files`;
CREATE TABLE `sys_files` (
  `id` int(11) NOT NULL,
  `name` varchar(255) NOT NULL COMMENT '图片名称',
  `path` varchar(200) NOT NULL COMMENT '真实路径',
  `length` int(11) NOT NULL COMMENT '长度',
  `upload_time` bigint(20) NOT NULL DEFAULT 0 COMMENT '上传时间',
  `remark` varchar(200) NOT NULL DEFAULT '' COMMENT '备注',
  `url` varchar(254) NOT NULL DEFAULT '' COMMENT '网址',
  `file_type` varchar(50) NOT NULL DEFAULT '' COMMENT '文件类型',
  `md5_str` char(32) NOT NULL DEFAULT '' COMMENT 'md5值',
  `base64_str` text NOT NULL DEFAULT '' COMMENT '小图的base64',
  `is_use` int(11) NOT NULL DEFAULT 0,
  PRIMARY KEY (`id`)
) ENGINE=InnoDB DEFAULT CHARSET=utf8;

-- ----------------------------
-- Records of sys_files
-- ----------------------------
INSERT INTO `sys_files` VALUES ('8', '6.png', 'F:\\Work\\WeiXinDotnet\\WxProductApi\\upfile\\202008\\6.png', '95764', '20200818094604', '', '202008\\6.png', '.png', '39f11a2eaef49547b1e4755ec3f3ae0d', 'iVBORw0KGgoAAAANSUhEUgAAAFwAAABkCAYAAAALxleYAAAAAXNSR0IArs4c6QAAAARnQU1BAACxjwv8YQUAAAAJcEhZcwAADsMAAA7DAcdvqGQAAFRJSURBVHhe3b0FeFVX2v4dSkuFUiilVKghxYpLcXcNSYAEQgiSQCC4uzvF3Z0CBVoIHkKAIEGixN1dT3Jcft+zD9B3Zt7OTKfTmf97fc91LfY+5yRk73s/637ue62197GxWCxLpHn9/6nlJyd4RV6+4BU0qp1XtG01r9wRn3ppJ33tlTyyvlfetOZeqskNvOKc6ng9nmDn9XTnRq+AZRO8csd/4aXxO2L9fW1RoVfswqFeqrXdvbLm9vZK9rvple5/xyvh8nGv5GunvZJPbfAqig36X3/39zQFcF/+/xTF+cTNH86LqUMJHWeLbmRlGF+J4iFVCR9Qj+Khn1Iyqi5xS6cRtWc70SdP8sJzEIWun2P+YSBkJWOMfAz7bWFrd/L3zEObnow2NZ78K4fQ7HLDtGsolGS9+oP/WiiAe73a/z8Zllfb3wrlM2uzWKxNiczHvgSvnMqLHxbxoHNtEhuVJayiDX7v2XC/2tvEj/mWzINDyA49TnrQHYK3ziFkVleil/Uk79Rw8o+OomTzAFSbBpK4Zz4xJ3eQfOsCSef3kLxzJqpVHSm9f+wfHtc/iv+zgFt0OZjCL2C8uQhj3BV0mWHo/A6jC7yGyWD8FWyzyWRtJqMRs9ksiZdB8rNgoo7tpGBuTdKnNyHWuTapTjXI39YJ4/ORGK93I3/fN+Qc/I78C7J/vg8Z+waSfNCF9MPuJG2bTOSOxUQfWkvSjllkbRwlbSQFa/qj3dITQ26y9Rj/SPyfA1wB0RByBs0BBzTrO2Le2g7z3s7oj/dBu7oNpUtboflpLrqcCHSaUvR6I3qtFr0B9CYozC8i9dlVin3Ggf8gLD/XhVuNIbAvlufy2qsd6n3NSNg1jLRr6wndOosnQjWBnT/i0diBhE8bRNrCISStG0/8Bk+y1jpRvHYgpev6o/uhK7pDAzEUpL882D8Q/6cAfwn2OUz7OlAsfKo7bItlX3+M6/tgWt8D/Zpe6Nf3xiCZajjYHe0vUyjJLUCjN6PJDkEddZ7Sx6tQX7BDvbkmuiUVha9tKPW0wbjzYzjTCMv+74hz+Byfju14NHooPmNdeDimH+GuTXmxzJ2EzZ4ULO5HwvpJxO5YQMbaEUIjfSlZ24+shZ0oPjwGs1Gu7h+M/1OA6/OSMRzoTcF+6cLb3AWkfhSvsiN2vhOZ8/pj2ixgr+2Jdp1kmmS7YfP3UtAeogk7RfGWzhQuaUTh7OrkulYgf6gN2ik2aJa9S/HcCqjnVSV7ai0iO1UivH0FovtUIcqxLk9WziJgzUxipwugs7qRs9iWxFVuRB3cSPTZ/dIT5lr5PHWTGzGzulByef2ro/1j8X8GcLMUPf29NRRtHEjMtiUkbp5KyQYpXGvdeLB6MYnT+sHe3qIkumBc2xH9wUEYni3GGLaIkm0dUM2rSYF7JbJt3yC9vQ2ZvW0w7K5K1qYWhA/6lmeDOuLj0Bf/vvWIdGlK2tQOJMySv7VmPGGb5hG9dhLRu5YRv3M+yVumkLxvAXFHN5C9TTJ8e3/iZ/cgaWYrjKkRr474j8X/GcD1SlEUGZb4wxRpk0nd4E7GamcS14wlcM5oUtzbYlrUCvPZEVjCl2GJWwmpqzA/Gi09oQHmNZ9iXFYJ/fIPUc98n4JNNUmbUIP7X3/Ks+41uDthJAHT7Hkx35GQRWOJXzGKzGUOxG6cQsTB9cQc20yC9yUSzu4g7sedpO6bQ+62kRTtdUK9vR/Jk0RSPvjp1dH+8fh/BrhZWvJ9b1IeP0SX9ozioxMpWdWPlCXDSVjmTPYyOxLmDiHMsx/xozuQO6EVhovuWKKXYHkk24uS7ac7YDn7Pez+EvPGKuiEQoyrymO5Z0vxxbFEdq9KYMcqpI2qQdS0PoTOdyHa6zwRPx0nbO8qUvbNJWb7POK3ziBh3xKiTwvQ28aTun2SqJVZZP4wBHXIbUxFGZhyol8e+L8Z/08A12elknVsA5GzHXm2WLJ5szuq5T0pWGlH+CRbQmePIHTWMILH9eNB13qkC3ea/edA9CIsV+yw/NhB1EstjDPLY1r6PqY1lTDv+BrT6eaoT3Qkb1Nv8mY1IfHSafk/u1CwqD1pG0YSefUSqcEBxN27RcTpvUQf2Ujs3iXEb5kuvcqThL2zKT4zHdUxD5KlduTcOPrqiP+8+K8DXhwZTMT6GbzYspCII1sJWjaJzBWDpFgNJG9Zf9KWDCZkhqO4P1ue9W1I5nZxdRGL4PF4LLeHYDkjWb3zWyybP8c44230Hm9g2lFbPrNDc6wn2SM/J9mhIrkLmpHrtY3sLc4YhfeLd7uS9vwxWbFRpDx/JKbHn/i7N4k5s4fYbbNI9TqGJj3equWNhZkU+50Vff/H1cjfi/8q4Lq8LMJXTCBYbHf44R0EnfuRh7PcSV7Ql6LVtpSs6E/qjN6Ej+lGYJdaJG9ygJDpWH4ZKK0XlnPtsfzUHMuBGlgOVce09WvMx1tD+GSMF+wpGf0JxRNrEjrXUYqhK/nLe5CzcpBYcaGfve3Ie3AWVUEhpfm5qKUVJsdTmpuNOjsDg0736ij/s/FfBTz9zmVezHIkYZpIvV0LyDs5geLTLqjOjMb803CMwtGadQOk2HUgbZsjPPLAcqI7liNthKsF7IMNsJyqK+A3xHJZgL7RD0voVIp296dw7DeUTKqPZX0bCjcOInrjNNJXOopZ6QbHu6L3nYShOP/Vkfy/i/8a4Iqpydi3mPCZjsQuHErp7qEYd/VHvbGLyLdeYnYGYD7jgMV3CubEnRA0B/OpPpi3t8C8RQDeJWDvFio5Kdu7vSWrPTA9m0zEvF48GtCcrNldyZGekrloAKUb+lGyTnT1SgeKZZu7rjfqyJvWY5Dz/XXc5f9F/NcAN+s0JK7zJHz+CClq9lLM+pLm2Y6MKW3FrLRBu6EHphsTsaRuFbm3GfM5e1Eh8t6GxpjXf4dla13MG74RSumMJWQSuhMDUc9qQNTQxgRMGEjEtIEkzbcnbKFIvnXjKFralaSVI4jcs4zEvfMxFr3MbgVrZeylODMVlTSdqgiTXodJq7Zu/9PxXwO8KCGKoCUTSJ4/gOzFvUmeJoBM7kD2tHYUr5UMj1yBJWUjlrCForMXYr49AvPJrhiX1sK0qpbQidjygy0QdMle0oakru+TOvxboke15rmnHf5zxhAw3ZGIyX2JmGVH1rrh5O2YSOKBJahjQ14dxf9EYUIkBfGR5ESEkBEoxTTEn+K0JGvR/E/GfwVwi5xE6rGNoj6ciHDrQKxnR7HqvUmVDC9c0xtjyFLh4rmYvcXU3HUVoHtiuToI4+k+6MZXFsCrYzncHHyd0F0bScygz4lyb0fkajFJl8+S4nuNpDO7SNg6hSSx4nk+59Hn52CSQqj0rNehZLa+pPjVq5ehLsinKDMNkxzjf4Nu/vOAG/Soft5JzBwHAua783T6MJ579CdT4ddlfdF6TcYiss8kKsN8rr+A3R3T7u9lX7J7X2u0c7/BuKganOkornIsKYu782LlJEIPbibx0QNMr/6MEhajUILltzPUoCmVbA4k8f4NUSdxL9/TaijOSsMoVKIrUVGSk4Veo7Z+9p+KPxXwkodXyZLCWHL9BPqoZxQ98yX50DrC5w7n+ealBB7ayfMta3i4bA4P500iaKI9pf6rsQTMEHC7YNr5vRRPse9X+mIUgPUHWqHd3wXNhZHonq0m/dYBgg7tI9L3HvEPHxL+y1lib14iPzZCAPvrzP3byI4KIcHvJllRoeTFR1GcmkhBSjxGndb6uVGvt/bEPzuMUhv+Mv40wNVB9wj37M4zcYkvZjgQtlqycM8aQo/sIPjoHp6sW8jTzavw37qBx/OnEDjDhbD17qIeNmOJWophTyeM677DfLQtpstSLMW2m890wnCoPZneR8lMyiIjJpFYPz9xindJfOJPcsBzor1vECl2PebaRVL8/cgJC0SvKnx1VC9DXZBL7O2fifX+mbyEGDLE9OQLf1uEYpT4j9CImKaMWz8Sd+McJdn/M37+5wAuB5y1czYBKycTfGgrwfs3EXhAtoe2E7BrvexvE5Ancn/KaB449SB6hi2GuzOxPPDE9HAKRmmGA90w7myOSQH8x66YL/UTldIN/aHOJG6YTEZ8CpmRkQL0ExIeiVMMC6MwI4O81FQyo2PEQcaSEx9HytOH5MVGvjow6XW5WcTdvkzQ/jUkPrhFtvQGTfH/XJDXUvHPDItBR/qF7cRd3EdxdiZpz+6hL1VZP/tTALdoVCSvHkvAxoUE71pH0LZVBK5fQMSFU8TcukbE5QsE7NvB3WnjeejUHbXvLAxnHVHNrIdmY1t0e7ujX1YX4/bGwuU9MPuKQrk+BK46UrClGzEbFpORkCJgxZIZFUVqSAhF2dloS0ooLSwkNzGB3IQECtLSyI6LIzsmGnVhATkxkcTcuMiztVOIuXDY+vNm81+Dq6iSP1OZGFQFJP0kYP98EG1pqfU9hboKEmOs+38O4Ooikla5Eajw9KalhEmWv9ixnFifGyQHPif+8WOeHzqAn5szuT9NxnRzNEXT6lPkWAHV6I9QT/wEw+r66DfWFyrpIlTSC+NB2d4ZS8yYxsQe2EFmogAuYCqg5gi4RVlZaFQqNAKiuriI/JQUeS+bjLAXRMtFDv/5DOE/HeXFkc1EnjtIcU7Oq6P9i5DMNmi1f1qGK2MxSdeOk3DrnBxnEkbDy7EYXWkJxRmp1v0/B3Cziawt0wlYPZfQLUsIWz5RtouJFxWRGBhI+PmzBLv2JmNdfyxPJlK6vi0Fjh9S0L8cqhEV0EypimlHC3TLa2E80B7jDqGVM/0ovDYZ/2aVid+7lszkl0ArgCvgqfLyrBmrgK4tKbW+zomPl8Io/P7gLpkvgkl6dJeE+z5CP6FyUYqtE82vwVW2ymuTyWh9/e9GYVQAqbfOUpqbSUmBcmzFVhmqhF6jkTqSZ93/cwCXlrRhBmGju5M+y5ZYZV3I6UPE+T8haN82glw6EzhGqOTBVHRH+1DkUY3c7m+S16MspeMroV9UXSilJvqV9THs6ojpJ3vw9+CFe2fufWpD3JaFZKVlWbNY4W11UdFLoNVqa4YrWwU8BVTl88QHPuTExohs9CP+/h3Zj6YkP8/6O68pxDrL/wqQfzfyo4NIe3hd6qTe+lqRlmbT/9CU8nd06pf08qcAbhDE07bNJndOd4rn9iFylhOhly8TeHgPz1274efQkeQLM8U9uqJa0IiCQe+S29mGgu42lIyWDPesgmbaZ+jXNsIserzw8liSRtTn8bcVCa5tQ+KSkWRn5JAv2V2YmSn8XPgrnehega00jQCeFRNrrRshx3cT7+dLVnSUle9Tg54L3QSjKSq0jgxqhIaU3/l3Q1uUT1Z4oMJO1lB6jgLwX0pMk7wuzcmgKPj+vw+4SYpE4dGF5C9XZmscyZzam/CZzgQfO8CTsf3wa1eTxG2OWPzHo/6hHQUjPiK32xtkt7Mh+3sb8nu9hUayXDPlE9SzvgGfkcQv7cWTmu8QVOctYuvbkHp8M3nZ+RSkp4srlC6bn/8ScCXLpTApGloBT9nPS0qyUk/ykwfEiEbPjAiTIhol9eS6ZHqUaPAY+f1cazf/M3R3qUhOpQ4ooYD9l9vXoVzgvLgIVBHP/j3Alf8249QW69hF2IbZvFg7i/BpQ3i2fDZBorvDetXgudACgUIluztRPOEz8vu9SW4nGzKa2pAlgOd1LkPhoDdRjamIekk9LA/diRxanyfVyhAjYCcsHElGXAL5Iv8UwIulWCp8rdCKArCS5Uqzrk2RE8sVwDMiIkgJCiTql1OkBz21ZrYy6ZAVGUaavE557GP9+X8/LC/pQy6cAvLr9pfxt+/9W4DnPPMjcsYQIue7EvbTKSJ9vHmyZye+82dzd9hAYnp+Rc7JYSBUolnSgMIh75Dfw4ZcZVa9iQ2FPcuSJ+DndH2D4vGiVM72Q3dxGBG1y/Ggclmeug8jNS2P3OQUK38rBVPJcFVurrVwahTAJcuVjFfkoXIR0kJDiZHjSHryWAqoD3Hel0QyxqHKFs2enEC2ZHjYub0kPLhJTvQLq73/o2EWsfCSr19SyN+C+/r1X7z1xwFX/o/Y0/sIFbBDZop137qKpzs2cE/Mzc2+7bjXrh7ZzrXQeo9FL7Zdt7AOqqHvkt9NqKSFZHZ7AblfOXKFWgrsylG68Ft4PpEE1ybE17Thbv1qBE4bIZp2n2RmpPB3ujXDlaKocLKVWgoKfi2USg8olvcVrR7/4D4pAc/IiZP925es7lLpFQlXTxB+fBPBP0wi6OAKnu5aSOiPOyh9ZYRMIuPM/4JqMei01qaAqoBuBf7VZ69D+UyhO+vQg079xwFX1pEk7FxOwGwXgiYPwX+BB36eTvgM64NPq1qkda9C6f7+GO+MQb2gDiWjPkDjXpniAW+SI4AX93mL/M5vUNivDCWTJLvPD0B70ZkX377NCwE8vPGbZHYoQ8HUhqRHRP0K+K+gC+DKVslsJdsVSZgnvSAvOYnkp/5SLCPlZ9OE0+X9xDgK5WLEXNhL6LiGxM9tS/hSWyIW9iZmcU/ijiymODHcqpfVhXnWKTilLvzDkPN/DbYSJqNcrL8pwspnrwHXKMMNpcX/XobnH1pO0NieBIztw9MpTvgNac+Ngd0I71Mb47YumPwnod3aFvWETym2ewu1SwVK7N4jr40Uy07C3aJSSt0/xHSkG6pLLqR0/pigplV5WOsDwgX0xIY2JO1cREaSaHABVKEUZU6yuLDoZZYLnxfnKXRSZAVfKZiKOUoLDpT9RKGhJKGTGCmcIaJewsUIHZR604WMRR2IWtCL0BVOxO2cTNRaKfJbpqB9NQajyDsFwH8UCrivwVZCAfVvHetrwJWfUgqruSj3jwNuKlGRtWokQcPbEzSiEw89Hbk7og/XmtQixa2pdfJXf7Ab6ulfoR5biRKHtyi1fwvVgHfJk2KpUInKoSzamV9gPm9L0W5bMhq9wdOGH+PzSXliBPCYBaOID3xhHTfJSYgnOzGZ6MuXiDt/SjI4RgpjMPH37grI8RQVFFNUVEJhrsg0USV5KclWwHNiIkSx3Cfi2FZRPw7kLe1I+pKOhG6eSOzdqxTmZAu/Z5L63A+jFN3fEwpfK/TzawiiykX6LcCV0EudKEpNUH7ojwOuiXhKtEd3AkZ0I8KpFfeHdRPubsuVL6uSuX8EFj83NIvroXGrjEbR2k7lKBlYlhLbdyloK7wtOrzE+R10i77F5DUU/RF7ijq9S3A1G0I+syFifH/C7z4k4elTkgMCSIuN59lsT+7UeZ+Hjd/niVNn7tu2xs+2JQHjBxC7cSapp7aR9cSXTOHx9NBAMsNDyBU6ifO+TPraoRjWtEO9tAXJ6x3FHHlbB7JeO8CSvBwrB/+eUIZ0/3KkUWlKAbVy+CuQX4di7wtT4tG96j1/GHBVkB+BE2154mFPnHNzgrt9zfU6n/C07deYA2dg+rEfauHm0qGisxVgR5aXVgGt8/uU2paluH8ZNOM+Qr+xBaZHHmgXthJdXo5nFW142qcVAecuEOZ1hWgfH5Iiooncuhy/OuW4830NvAf3w2dwT+51q4uvXXvuOvfmsWNbEpy/o8DjOzKEm2MvHiXp6SMxP6JUjqwRD9AT7cZulG7oQfa9i+QKPSkDWtkhj9GJ0lCLIfpnNKKE8jMK17+Wgr8WS3lt3X/1vgK78q+yFEOT/z/jOH8YcF1+NsHzx/BoeFf8nbuRZvs1od8IN2/si+X+GIw726CdKIVzkA3a4eXQjX4fnct7aIa9jW6UAD++ilW5GI71xujthnbI5yQ2fx+/sjY8GNKPp8dPEnzmDOE+vrz4YSn3W9XgaqvGXOvbgxtODtyUWuHTtSG+PRtz27Yj9x07E+7WidiRTUic1l3c5k1ifG8Teng7qWudKNzYk5L1XaT3TSA/O1fMUASJF/eLEYog4d4VEv1uUCrS8Z+Fkt3FOZlWOfgacGvBfAW6UeFyZV8+K1Hc5avZpdfxhwFX2Cp8yUSed/ySANum5A7+SpTHRxjueGK6YIdxeR2MMz5DM/gNtE5l0Y8WsO3eoFQyWyuFUr+iEcbj/TE/n4Zua1/MLtWIbFKBG1Urc8d1OA+3bCXgx7MELpnOncZfcqldBy41bYJX/dpcqVuDm01q8LhnbZ7b1eepW1eejupE5CQBfasn8dd2kXj7EBHndxOy0o3EeZ0Jm9GbhEV9SVk/lMwXT8m6vo/MnW5k3zlHcVqiSM9gtKJQ/lloxMqnBT6y6ndl4EsB+zXgSnYrxVOhEXVRgXUmyvxqfOV1/FuAB2xYwtPO35DaoyqFdp+S1b0yxofTMF20w7SoJqZpH6Nzlowe8RZ6l7fRDLBBI+ZHP7e6gD0AS/BczI9mYZxYH717dQr6VOGOfT9uzVmA38YfeLJ0Id6fVOB8gxZc6dSJu8N7EzatG6mb+5P7ozOll0eguTYSwwMPSq+OJv/AINRnndCeGojmtC2aq64UXHEjdecgAqf347F7D0IndSJ6mQPpG5xIFC0ed2QtWXfO/9Xc6D8KrfTs2IuH0IpoUGShUSmWr8B+me0CuEjKooxUtAL638YfBlwJZWDIb8pY4tu8T2EHkXsru2P2lwzf2wHzqtqYZ1fB6FEBw6hyArhwuf0b6MXCm1Y1xHiwFwafiejmtcY49Tvye3+CyvZjAga34+r4KdxevJqHHZvxqFcjYrY5U/CLK/pbzhgvD0J3tAvqrd+jWt0Y1bLGlOzsRq6jFOvmZchqX5bsvu+Q41CRwinfotmnUJYL2rtu5JwbQfiyfgR7diPqhxnEHt1M3Nl9xJ7YTHHS71sda5GsTjq7k5yoUKsXUchaoY/XTQFdoRtlePa34t8CXImYwzsJq6VIPJF3T2ZgueSAeU09zMu/wry0GpZFVdENLoN+pIA+8l1Mc7/CtLIe+qXfodvXh0LFjY6ti8azMTndK/Ho+9p4z5hBzPH5FP80DMPdUZiuDkVzqCeqFQ3Jl0KbY1eWHDFM2X3EtfZ/k1znyqQ3syG9jrT60hrbkNHKhqyuZSkY9Rklixuh3dkWo5cDpoduFN+aJCCvIuLgNmLO7Cf23H6Srp35X0soXocC5F9GcXQQSXcuvVxa8bpI/gXgyioAZftb8W8BrpPjiBFdHFn3LclYOwgVeljzHeZlX2Oa8SG6IW9iniOysK8NOvs3MY4tj3ljA8zrG2JY3gDD3p4UuTWgsP8XlDhWRzerJWmbnVA9mIXpjiu6nxwpPeggGWxL8dpOFM4VFTK1JnnOH5LVUwHUhkxlIEw0fUZr2W8vGd7hDTJE56e3lM9Ffub1eZsil0qoJn5Cydya6PZ0xnB9NPrHM8m6tpqYXdKOCvCS6cm3f8b4amzlNcivgfzbKEyKpVCZ1VFm+1+DbeXwl3z+9+IPA66KDpMiNEY0eDsyun+ESejB8tgD48q6mBd9itHtHbT9bDCMFM52kTbsTfQjymFaVw/ThoaYtrRDs6WHcP83qJzroF7bC0v4ckheg/aMIyV7B1O63wn1weGojzijPuyI5uhg9FdHof1xqNBJOwqnf0fe+Brkj69FwfQm5E9uSM7QT8nu8Y5cBKGWjmXI7/MGRVI3Coe+S6GTSNIZX6Fa3wvN4SEYvMeiujqN9D3TiNu2iOi9y8nw/cUq6V6HksF/LwrTkikRyfcabKX9s+UWfwjwXP97ZDrWEeVRTczL5ySMaozuyjAsx7tgXiyU4fkexmHC1/Y2GMe9h3lBVUyThcvdK2BcVgvL3tZYjvZBt6Ij2tmt0Z8ajPHueEx3J1ovnO6yG7pLY9H+Mgb1xdGofhqJ6uIYCi+NJ2WjHSmLulN43BnV+dFoL41Bf11k5YVRqHYPI396a3IGf0Zmj/fJ61WWQjFbRXblKLR9i/x+ov9dK1E0/guKpaeULmuG4aw9hvue5ByaSOK6SSRum0GR/5VfQVeK4F+GqaQQXXoshoxYSlOirKbmdcF8/Ut60elaVdFv9ow/BHjShRM861wN/76N8BKpFrawH5zpgXldHczzq2IcXhaT8xuYXMtinlURy9JPZSsKZuIHokYqYt7UCPOe9ph29cRw3B79mcEYzg/HeNMdIpeRtduZYKfmUkCb8KhbHR50rMHDTrXw7ViP6+0a49urDaH2LYh1aU7EuHZi2fujuuyOVi5UyXYHCud0oGhibVRzvkM1uz5Frh9RaP82eb1tKB7+AYXSCoZVoGhUZVTThcoO9cDoP5WsAxNIXT6SglX9Kb19AL1RVMerqTJ1XjZJlw4TuWOutNkknVxPqtJ8fkaVk2WdQnsJdDGl4l6VlVy/FX8I8Nirv3Br6Mtxk2sNalN0erBQRGPMK77CsrgKBgcbTCPLYhgqwI8T3hbQjaMVaSgGaOR7lI4Q1zmrFvrNXdAfGIjhzBDh7AmYI1divjuN/NF1uVuzEne+eo9HNd/hbp1K+Nb7CN+GVbnVqjZX+/fk5oBuhNo1I8muHhEDGxLt1pmCYyOEJqR3/OSM4YIT+iujBMxBqKYK5Qx6h7xuAviQ91CNrESeZLsyLFw07B1Kpn8hmW6LIWgehduHkrNgAPkr+pF7YSt6oYhiyWLljom4nw8TLy3pzmXS/O+SdP0cqfevW0FWpvqUMXdltFEJZazlt6jlXwa8NDKIx+PtuD3cliv1qnO3e1MM14RbF3yBcfoHsLIKprFvY3IXOz/oTQziMC1zK2FwKYvWvgyl9mVRj6yIbnFD9Lv7YLo+BnOAFNuAJWh2C0971EI9+hsyHWryoEZ5nlYvy+Na5bj7bUXu1BGdXrcK3k2rc71zK671aMuT/k3JcGlE/oQWxAxvTOLcjpRecqXEZzoGfzFVPw6hRLI8f6BIxS42UjPeQu1ehYIBb1ovQIEU9GJRT5qV32HyHokpdB7Za4dQsMKWgg2DSftpN0neF8kIeUqKrxfpT+9ZwU48t5f4E1tJfeBNvth3BWzF8Cg0Ym0KWH9JKa/2fzfgOpFCxRd2EjXHCd+B33Oze2u8P30P/67fYrzugHbGR2hsbdAPfVMMz/uYxgvYDmWwLPwI85T30A8RlyldusRBsny2ZLfQidF3Arrrk4R7Hclxa0mO7dcUOFShyPEzVEOrEd/lE+5/UgafL8pzs/on3K7xIT51P+Zas/pca9GAa2L1r7ZpwP02XxEy6DtSPVoQ51ibF0Ma88ypI0VXJmC6pCw4qkm+7TtSQMtKk4s+5kNrIc2XC6BMZBc7vIHa8yO0m1tifjAenVx81YYBGHf0I2O9K7E/7iY9+Bmq3GyKxJUm/XKEZDFMyUfXkXztR5JuXyIrLBCNlbdfKhslFP5XVIsSun9l5ZVJXULcfCeeOTTh4cie3HYdzJWuHbhZ6R3Cbb/Fckd0sgCudZJC6SBqZFAZTBPLYZ4q2b1EzI/QiW6guMzBsp38OfotHTDdGk3Bmh4kt6xAQuP3iKpfjqgGb4rcqyCK4mNUQz4mp//HPPisLLc/eY/rn1Xm9ucV8Kleicvf1cOrVSuutG7J9WZ18O7VDq+e3blr14mEGX2IdqiDf/c6JKwYgNl3FOpVjYW3K0hWl6NAdHvRoHIU271JoUjLQslylV0ZSsSYlXhUQrNdCnrMYqkn47Bs6UTWDjcifzpO8oPbGM0WSrLSydgykYw9c60GKPHsLmu2p/n7kp8oxVTcpzJyqICt16oxKGMu8lr9agDrdwFeKhz2dPlUHi6baR3zvjmoF14tmnD97XdIm9YabtthWPg5poWVYW0VMTsVsKz8CMuaqliml7deAIPLuxjniILZ0QHdsYGkuTYmvk45klq8R1zjd4gSLR9e+01S2r1DsWMV1K6fUGBbiYDqb+JXpQy3PnyXWx+9x7Ov3uDKF5/yc+26XG7RnDuNvuLe/Dnc8pjItdaNuT97OokTO5Ds8CUhA74l/4gdpl/sKJn5jfSe9yhyEHkogCvZXdTr5TCx1qO8FfAiAV41qjzqmV+iv2gPYuKyNw0jZM8mYq+ctY6vZ57fRf4qe9L2LyTpx+0kXthP2oMb1kX9qY9uU5SeLKDrrNZfI9ZeGXMxSMKW/iuAF4YH8nTpZB4snIzPkG74tq7BtepVuW7zJhkz20CwG+Zj7cTOf45lrQC98D0sh7/Esv9La/HU9ioj9l3A399BLs4o9JfHktrofRLrliW5bUWSWlcgsWV5IuqVlSx/Qwrae+g8RS8P+ZCAz9/gYSUb7n9YVrL9HZ7ULM/DT9/m+kcV8apZHe96X+E7bwH3167nVrtm3J05g0crl5Dn8S3Z9u8T6yjg3RqO4Ug3kYOfSpF837raq2iASMR+b1Aihkzj+i7FtmUoEj5XLoJKqE+ztDaWB27k7xlC1MZZpOxfLCAvInONK5nbJpFwYhOJFw+R7HuZ1NsXSTu3jaSrp8kKfoJW6EMjhVThdWU8pTApBv2/shBInRJH4Mxh3B/Wlccdq/OkcUVufv4Bz8rLAc5tAWmLsXjbY94sB7leMnybtLUfSrEsj3GIZLezONEFNTCdtsUStQTjmZFohnwpzrAy8Q0ly1tKljd9m8h6ZYht+AbZnYWW3KqS3rkCj9+1wb+CDTfefQevj4W/q35M1Fc2PP/Ihuvl38G7fVtujhnD7UmT8WomGT59GlEPnxJ/8SglM2qR1Usu4Iomon5GoNnYkuKxH1Hs9B7FArRuSmXJbqEacap5rSTbO8j5iHstFf+gWVITg+9YLJeGoVnfm5I1gyhaOoDUHyYSe3QjCb8cJenWBZJvnCN712SyftpMitj9/KgQSvNyrGPm2pIiCpPFkQpDvC6fvwtw+Rkyj20gwakhGQO/JqvHh8Q0Kkd267KSsc6Y/aTtEEs/XwrkpHIC+kcYpYAaBgjYQieKxTeuaYTpR7H/Casp3dgP1cBP0TjXIq5eOaLrlBU6KUNEHRtiBPScjm+hHVaJ+5++z43y73GlVk3ufFyZx+/Z8PBtG7zL2PBi6ULir18j6dFDfDq251KLFjxYsIDU4GDSwsQFh8USvW89WVIUM3pL7fCylwI6GPXiehQ6ijQd+6Hw+NuUyHGqpfaoBr5BsWS39fW49yXDpbCfkcL5QMzYlt6Urh4oBXTsywGvUztIPLmZ5LtXyDi/g5w9k0i6eIAMv2vWRZtF6SlWXa4TKilMTbQuFnotEX8X4EooC2fipw8iw+4r8ofWJK5JOemKQhO+LpjPd5esrotlnnD3wgqY54gq6SFZ0toGXT/JJKe3MS6qhflIb4hYjGbfEHLbvy9GqCFpLcrz4ksbgl61qG9tyGkjCse+Is/qfsTFVm253Ks3Xq1bcaN2Le40bEDw4sVkpaaRn51NQWYGqd7exF+7SoG8VmbulbUpyWERRB7fT0Bt+T/rSebOqYPF3x3dTnG3y+pS4v4J2c2EPsSJGmZ8gNZNiqb4B43rO2gmVUa3rAb6fR0x+rljODmYnGX2JG6ZQfSRzcSeO0CCAJ4iVJK5bzb5j6+RGeJPTngA+XERVu5WCqZyC0tRRor1tpbXd8j9bsCVLhF/Yg/hp08SN3ckxlEfYRrzidhxV8yX+wjg34r8e0squ7yvaG7pnqUt5IRalEEjHK53LY9pbVPMt93QnxxBVvNyqJy+oWjg58QIyFE1yhD8uQ2h1WzIbyu1QRRLTI038V+2AP9duwk5cYLo6zdIDgklOy2NvORkClJTrbP1qqIiSlQq69IJZcFQVnQ0qVGxxP14gMBaciG/sSGlg9DUFSdM15wwHuhC4eDyFAh9aN0qoJv0HpqRIlsVKhkp/mFmVfTLqmPY0xb9Vfkd71EUrupN+qYJxO9aRMzp3VapmHR8I1mbxpDz5LZVoWQEPkSl3DMkelzh8aK0ZHGhmdaCqYwgKvH7ARdaUeYuMh7dke7VDP3gDzDMFCsf5GG9Lds0p4IAbSNUIgB/Lyci2V3cQFoTAV4UgcGjMobFdcTouGLYJxnT+j2Sm75jBT2jXXnCv7bhmfDycymQSbXfIFbAD3inDCHrVgonPyLhyRNSQpTlDjHWLFaAVhb+KKuwlEU+ylZZNqG8r6wtTE9IIWHvKitNBdcqy5V33iN1SjMI8kSncLkUzlIXKc7jK6IZ8YbQm3iI8W+jn14J46rqoqYaYNrbEuOVIeivj6Jg8fdSqvqQtmEciTvnEHtiG/HHNpGydRopF/bJ35YLryxVlqZMSiiUomS2QifKPaGvZ/l/N+BKKHU2W7qQ3rkiWpFsplP2WALHY9rwlRgeOWDhQLUAXPKdZLZ0YwXwUilIGuFHvWhc3ZJ6mO5NQL+iI6oelUlt/jbJzd+n1OFT4r8TFSLF8e6bAvJHZYj8rAz3bWwI6dyMuCf+pAg3K5mrrD0pVNYYCtilysorye7XTQFeWV2rrMLKTM2WjJxEdA0bMU4fcqX8+6Q7CAV6D0ezqI5o7o/ReFZFM6Y8muFlKBauz5OeVTL8/ZcSd6P02MPfY/Ebi/q8I4nDvyRsRn9iN84gef144ncuIGH/ChL3LbM+9U1ZgK8VkJUlFwqNFCTFWo2QMq6i7CsUo/DE7wa8KCme5F/OkDutu1BHTUoHf4zx4ggs1wdhnPWBOMkyqCWzNR2lSPaTZv82huFSLJUxlTFvox4h2bShJXqhFJVbbUrE1OR2rkhkrTdIaCZgtCpH6Cc2+L1dhoAPyxAu+1fLleNB7W9I9n9kXfqQm5j4ckGnwtUCvHKbyeuly8qSN2Xpm7IKS7kgyvLmlN0rePy+DV4ffojvh28S10oyeV8nDCf6ol3dBO30aqhHv4eqrxTqhjakV5f6Ibxe4ih1Z5IkyKKv0R/sZF09VrCyFRET2hO6cT5R2xdaH6STsn0GiZePkxMfQ3boUzKf+AoDeJPmfV4c6GkK4sKtMz+KPFQy3ZiX+c8BV9Y2q0vUBCyfRoKt8Nqkeujca2Ie/wWmEwOFkx0xLasqnC4Z3s9GaEVc5mjR3cLjpnFvSiFVZuvlBCSjjEeUabVxFIltL+5VifzekuVt3rGuRUmWIpwgXB5QWZTK12WI/syGK+Xe5V7nNlYayUkQsLOyKS4ppUSyWeHrbHlf4XElu5W14cqyN4VaFFrJTc8UyfYLIVIHvD+pyP2qbxMhoGaMkGO9NRL99nZo53yDetR75EkvzJTiWiA0qBItXjpCccQfoplQEdU4Kaj7uqI940CqFPnw1R7EbplH6pqxxBzeSNIDbzKCHpN4ZjeJR8Tqi1pJurCX9PtXyXh6l5yw59YJ5cLUBFRBv2N9eEluNjH+/gTPHkOxax0xMA3QOH1JSY/3MBzqL13OBZMYHqNbOfRi343OIgXtFEko+45yAcTia4cLpcypgfmSI/pr7mS1fp/UhmLjW4tTbfGWVZnEfltWeP1tEkUWptQXifipDY+EUiJXzCE3W7K2oIic0ECCxrqScvcupaWiAiSjS4RGXq+eVShGyX7rsrfMbDJ8vAgS4+Rb4U0CarxFulj5DNt30J53wCiFULutnZgrZY2jZLZcjKL20kNFIuomVkDrLo5z/PuUeFZGvbUD+hujyJ/diJzV/UhfZkvMxinEe18mI/Q5qfeukXj+ACk+P5MR4EfitVNkPLljnaDIiQyhIDlODNEjtHGh/xzwzKgIAreuJH9SZwwTGmOe0YSMrpUIFwlXurU7PBRZuKe2vP+2NbNNY6QJwGbPdwTsN16OqSz5DNM24UMxEqrtAynqWIHstgJ603JkCo+nC+iFPStS0rsCqq5vUiQKJ/174fGx/ciIjKSwSE1u6DMi+9Tlqmjwe53aWKlFlZ9npRBlnaECspL1rxd5FspFeLF9K7fLvUlQVRviWrxBktBdklBGquu3mKLmoxGKK5KLUCQSNr+NbDspmlzo0ON9tKLFdZMrilqpgWZPF/R3xlOwvAuZC/uQtKS/SM4dQnX3yImNIMn7F9Ke3CXt1jnpVWcE/D2kXD1pHUVUbsLNFqdekBCFRVPyzwGPuvIzCW7thEaawKIO5A2rwROp+kGiItR7+sLjUZg2S1WfWhbzdAHYrQxmDzE/K6tgnvg25tniONeJy9wjgD+ZSNGGXqSJfc9tX4G4+mXFPCmzQ5/A+CoYxQXqRM3ke1Yn8cRm0dqiOlRaMv1uEN7rS7y/qsDlfgO5UvsrEi6eo1DoQwG+KDePIgV4BWwr4Onky/v316zjXsOaxAo9BXxShrDqb5BYX7J8eiPMoVNRTfmaYumVKqHCIimaJYMUHS4Ka4z0Srd3pb2DYWUtDMd7Y7jvQdZaO+LnOVkLZ/TJ7cSc20/KY1+S7lwl8dbPJJ/4gbQTa0j3Okraw1tkhTwlzd+HvNiXXK7EPwU8/cddwnvfkefcBOP4phQ51iaiZSVipdhZNnfFEj5d1IoUlgWVMc8SHT7/HcwTpFiOFvAFbNMiAXKeZPiu7zH5jqR0Zw9yu5Qnu41keLO3rTSiHVuTrB3TyPQ+SdrNk+IeH5CTKSAWlZAqXdW/wxfcrluZa8Ln10e4cKludQJXL6Ugv8C6ZC3j+ROy40S9FGus4CtFU1E0flu34it230d6xbPKZSnqrAwd2BDvVFMuvjula1qQP/g9qx7PF2uv6HDduLLoPMtbwdYofmLGp+iVu6QfTyF7fV8SPFoTt2g4kTuWELrCnahDG0hVxsevnhEztJ2M/fNIu+slPC5cfv0syd4XyIuL/H2yUJMjXXOVEzljW5E/qgVpA2qSM/Ab0jpUJq35O2Tbfon23jgsF3thXl8d80zJ6OnSBHCT+1sYxopSmVwe3VjJlLX1Md8cQe7WfmR3VTSwslLrY4qki+fMtyMxPl20cyrZktV5GZkU5OQRt30p99rX4mr/vlzr2Jzb7mO45TGBK22b4jvcnrSoGEJXLSSoYSWSh9QkZbWncGUwqsIisgVwb1dXLtVvwGWRhLerVOR5xTI8LmdDmNBh2qRGVlOjWVaHIoe3UdlLoZzwFnrPcqiHlbUWT5XUIrUUTd0ucZzKFNzq7kRO6UrYvGFELnQmfMFgIg+sJfXJfZLvXCbJ66Rk+UbS73mR5fszib8cJunKCaGUAOtaFSX+LuDKHbtFxxeRNbkN2RO7kT+6JTGdPyepw8ektRMOF2cYbi8gPp2A5XwPq9M0TSyLcYgUTKVojnjTOsOjkyKkdX3L+lQI06UhFBwaSmJzkYhucrFmNCNr3XhS7nmL7Iu33r6tSD9lyXGiSNBb39fgxhg3bo0bxw3b3tye4MFNt7Hc6N8Nv261edSvCVdrfsLjb8oQJAbniUjA4CE9KJACW1RQSPTWTfh8XAGvGjXxrlKJoA+Ev8UjKDwePKA2pgsDMKyrj3ZqJTE80tNGlkE74mWmK4NYCuCaqR+jP9obU8Bcirf3IXLBEALWL+DFMjciV7sTuW8Nid6XSH923zoNp0xIaApyKEgUt3vvKnnRoeREBFmXLCvxdwHX56RTuKQXWZO6kju+I0VurSlw/I6MntWIblqeR1+8SeHm/vBUnKby/MDVn2IS/jPJASuAa6UQlUghKhFbrxokGn3aFxhFHZScHUlGL9HgPcpT7F6DRB+RT0lCAVFSXOLiXt7JkJHF0/lTuNq3h3Uk8NaYUdxydea2hxve7qPxHtSNu13qcvf7avg1rcrjFlW4WqMaVz+qwLOv3hS14I2quJhc4fiYlYvwE7Xj/45kdhUBsZtY/YZv86CzJIuXLYb19cXsvIV6sByrMiMlPF6qTAXKtkR5nOrsT9GJhDTdchOBMFHOuQcvlo8haPMywg9uIvrwD8T/coKssAAyQ55IcX9ixU+VGk/6gxuoxfwoYywKj5tVBX8fcHWgN7qVnShd0Avjun6YNw1AO7EVefbfEtK8MhGNKmA+NEQOwh3L8TZYFle0gm0cKYCLJtc6intTBvmlGKnESKinfYnx58FozruS1LOq0FFVUnpXJGCcI5kJSWQJ2EqGZwvgysMK7rk5cd2+LzcdB3HLZRg+kz3xGTdKaGIot0c6cNO+F/c71uRp64+52bIO15vU49a31bhfVvhaLlBeTq71nvzM1DRCZ83iuk1Zot8SKun9ET8Lzdyu9QW6a8Os4/jKvUfFoozUAyQ5+pcRU6bYfOFyj7fRLaiGbvP3GK+Olt48TbjfDfNVB3J2DiX81F7irl0k8ad9ZAQ/sU5C/PoYEbOZjIc3rYNauTFhZIcFYsxO/W3AlYEqtdda2NwF0w/9MGzqg2lNH0ontSF3QA3ybWuQ17EymjntsDwUSjkq2721sUxVZKCA7inFRuhFUQBFklElTm9ROq0aJgG84OBQYvp9ToT8H/c61eOaw2ASRecr2a0AlBEdS8ylC3g7dMfbZQi3HHrjPWIod+fMxHf6JG6PduSOcz98HTrzqE89nnf5nJstanOlaxeuDhiI12efEbV3N0VSUJXiqdymkikt7IfNhHf6nmfrVnBj3GTuff4OustD4bnocaGVAimmaslqnZskiySMYc77GJcKnSz9Bv3+rpifzcbyQBk36o/+wiCKt3Qlf5sD8Rf2CZ08RCO+IFeKozKl9jpKczJJ97tGqhTRTNHnlr93y4mhVEPJzlHo5nXGuFzAXtYT0xLhseW9ULs1p9SpPkWDqlM67FsxPlOxnBMDdLQFlv0iD2e/LeZIMkMKp6JvC8VMlA5+w3rHsWlvW6IPzZOsHcLDllW53/RjKYRuBJ7+kaibN60PnUl6HsDDGeO5NWq4ZLTQx+Be8jMjuTt7Or5TPPAZO4w7LrbcH9qJhwOacLdrA663b8atYUO50q0r90a5ohKrXywZrshE68MQ5GImhQQTdtuHoJ9/4f7i5cT0qioAjoTEqRj2N0ClTD60FM52FrBniadY/jEWxV+caIvpoj2WyBVozgzHeLYvhrO9SVzch4yFXSnZO4TM8xsoig4QKZrxcrL41SSyEvoSlWjwSFQZykPef2MsRRkoz7gm1XaBk2S0cPeEjqg92ktR6YJhQXcMszuicWsm9rc+ehc5IOVJbA9EqZyULD/wLeblFTEueu/lgFBHG+mq0kUl05XbS4zrvyP3vCfXx7rj06Eezxq+xfOhHQn55TJRN26Q+DyQ4P07uDW4N3emT8XH3UUA7ynAu3Bn8jjuTBwj+yO46+bAw7EDuD9zEjeGO3FzqJ2Vci5Llj+eOVNcaKnVEFldp4CujLukvXhBnJ8fIV5XeTTMntQ+5bFETYNId4wbvkAtdUcl1l6tOORFFTFv/QqzCAHL5V5YRBiYwleQubQt6n09wEd+f7sTYYucyF3Xl3Rxn6rdfci7f1RAz/51dkeZTH75UHndqym23wBcFxNE4joPkheOJMKlA3GO36Ob0Q3LBlssG20xr+iHRejFsrIb5iktMP8sYEcuEmnYB/NBsf5zpatK8dQIyKV95ATsylIikksztpIogkZor7ji6+HC9S4t8W//JUldPyRo9QKiHzyyZrmfhyO3nAa85GvHftx26ofPmKH4TBzFnUlu+Lo78nC8AL50Hn5r1+MtVt/beQi+c+fi1aM7/tMmWwFX7L7SFNCV8RbFsSYIdQVdvMyzFtVJGfARluR5WAKcMa7+DN1oOVZlxkfcpqKqLPtrYt4uNHm5L5bElRgfzkS9pQO6UwMx/9Kbgpvribv5C4m3fxEKPEHKXk+KDw8k//4eDKpMlAVbyqSNMmilPCRHry6x4vu/AFf7nkE7ryOJ47rz1HMo8aM7kT+xI7r53YVaRG8rgK8VwJd3x7KskxRMZ2t3s/g6Yg7oiul4LbQTylr5UOMsUsvlXUrs3rTeo6lf3RCzzyj5fwdyqUs77rT/lvhB3xL0w2oifO4SfGAX9wa35/ZQkYDC4bftu3JnxADuuEoGuw/nznhnHngIHS2ayeNtW/FbsQyfCW5SQPtxd8lSrvTqzpNpnqg1cqKv7kxWvR49FFpJDgoi9Nx5/Kt9QHSXqpC5GIv/MAwLhas9BGhFBkqiKAlj3vIFloMNsVwXOolfRcH+EeStHUjGyr5i9aXXh12ipFgrKuTlhLEy2ZB9bQ/ZR0aTdXU12Vd/oDAhnJKCfOuNW7+5LkUnmZG7Y6ook+4ETncmdMZwEt26kjxaLL0iDce1QzulI2Ylw7fLlV8tTnOrZH7kWjlwqd6pYzAVLEN36FsplHICnh+in6DcDCsnMrbiS8DvjyVtehuCO1XHv+M3hHgMIvDyDQJ/PCv6djH+9s3xGdieO3YduTe0M3eG98JnRH98Rztwb6wdD2aM4+G61TzZuZ0Hq5YJ1QjfS4bfmTOH6w6DCBYHqtErt3y8HEFUstw6eij6Pi0igrCz57hf8V3Cv68A8fPB3xnDcsnwcWWsd2honcpgWiBueW8NLCeaYbnriCVGzunqeAo3DaR09wDwdabwynQxNMqt49pflycbJa1TfK+QJkU01/8yOU+8rFmuTCaX5mVbf+avAFdFBpE5qy+5C+wI2jifwKlOxI3pTMro9lYu18zugXFxbyzCW5YDAvpeafuE416sxBIq3fOBA+Z73UTbfoLaRUC2DgJ9iGqgcseaZPhS4fibzkTN7CkZ9iUpg+uRMq4zIRuX8HD3AZ5vWi3GpRk+PRpxp08LK+g+Q3tIlvfnrqutSEUBfd50/JYt5PHGdVL85nF7+AApwrbcmT0L31kzebpwFhrJcAVs65BtQYF1JkiZkksX9/ni1GmefPkWkY3KYLg7Dp64Ytr/ndX4aESLa4dJdm+sImauMZafpC7dUwBfgvnhdHR7RCIfl3O/MQz9WVsB9Kr11hslzMoifCmWyri8trgAkxC58rAFpSYq02u/uUyiNDKA7HkDSZ1lR+jqaVbAY0a0Jcm1HdmurSmZ2lW6n9DKGlEl2wT4Qz0l04VaHs2Vg1olBmgApnV1hceroh3zDprJAvKszykZIk7T4yN006sKz3ck7YArd5p9xdPOtYjq8TVZg78habotwRuWETy6O3c61eFWn3Z423fHx1EK6PC+klRCG5PH4rd0AQ9XL+PxpvXcXziHO04K/fQQVePCg/UbhOcnSOaFSbHSWLNcoZZfARcej7rty1O5oKHf2pC5sj2ETMN0oDmmPV8Jl1dCJ/rbtL0a/Nwci5fULj+hzKTVmB5Mx3BEEuyao/iJIeRsGUDarjEU3dhOvu+PZD6/T+bjm+SGPbFmveBqXcb8t/FXgGtFuhQusSNvoR0hC8bywr0P6QJ26sg2pLl3pnBqDwFc+R6GQVike1n2S3b/IO2Eq2T4Msy7pAdM/0bapxgmVRQtLoVyWXUrneg8PxLwP0O/qRnm22MJtm+If/OqhPf8mrh+35DW5wvy3b6XHtaH54OacKtLY24O7CRgduPOEAF+mIA+ZTz3F8zkwcqlPP5hvZVS7rk74OfcldsD2nFvzizur15DyOFDaNTKvZdFVkp5DXimZHiUjw83nF240qwpcR5NIHu91B9nTJu/xrLrc5G/Yuj2CZ2cbIrliiTVg9FY0jYJFU7E9JOIhsuDKfqhB2nrBhG/eSSpJxeRc3EjWed+IGe/Mr+561f6UNShssxNWXn1m0VTL9W0cLEdmsV9RWMOJXpMd3JGtyV7ZGuyx3chd1I3SicLhy+XwrnbTg5KwJdMVwtQpptTpBtK4fyhNWahDuPsTzBMrYJxydfSXT9FP7kKhrnV0G+UE7nnRuqKPgQ0/pBIATyoy1eEtPmE500qE91NgJ/UkpxJrYke1hzfQe3xtuvySq044jt1nIA+C7/Fc7k3fwaPJgzm8dg+PLRrIUZpMH7r1xNw5Ih15sc6IfFqBkjR41kJifiM9+RClz68mNgFs+8YqT/zsfgMx3y4sRTKTzBv/hTzHlEoB+X15f6YvUdhjlmD6ZITnO6BWpIqXYpn1nZHYjcMJ/WJD1qjhcxL+8k6tZKClETrnGZu2FMyb54k5add1hFDdeHLhw3/FeAmnZbCLW7kCKiZcwaRM1305aSuFHp0JMW5FQUTOmNYpHC4gL1HsvyE0MuO3pSObYX+kItkirjO/T0xr2+EaWZVMUCV5QTqCfCiAiZWFh3/Jfp1UjhvupB5aASPGn5MRPeveNRe6KXjV0QOqE3U4PqkunyHempzzLPlb07vyF2FyxXFMlxkottwAV0yfeFs7s2cQOAkO56N7sazuW4EHz0ivL6QBNHbyoSyIgmtD0AQ0PNzi3i6aTNXm9fhxfAGqNeJUYtejOnqYMzH22HeWUsy+ytJojqYj9S3TiCb5TOeTUd7ZxbF63tgPtkH7b4+FO8fTPaOwaRvtSMnxI8i+VuppzeQdeukdblEblQIKTdPk/rzXnKe+lgf+/Q6/gpwJUpD/SgWWVg0pTOlc/tSOkvc5dxeZHh2J3NSD7Syb16jfKGRAH6sFxwciH5GZ3Jcm6O/L/b3pjuWw/Izi2pgmlVFwK+JcX41acKRi8QmK4/LO2+P7vpo4obU5HnbTwjo+jVJoxoLuN9TOLk5ueMbke1Sj2z53LygsxxPD3x7t+T2EDFBnmPEdU7h3twpPPAcTtjkATydMpQnWzeQIuYm9u5d67MNXy+ZUJ42kR6VQMTaaSQ5fkrhmI8xKBf/tMi9F3MwnuginF1XjE41qT+izU/K/ukWmI51xuTrTvYV5cs3BpEvnG080YcSOe+SvXaU7ulByb1t1mckJl89TtqZtZSkx1tpxKhQiNh4k/5/P3XofwGuuCTVs5sUrxyEbnZ7NPO6oJ7dDdU8sbLT+5I3QQrnoj6gUMohAX6LiH3nRqT1+AbVFkeIXi3UMky6p1DLnM8wL/wE0zzppqulmK6sg37NdyIbe2J6NAHN+g6kSTYnO0sb8R0Zrt8JfdWjaKpk9sSWpNvXIMvuGwGomWT/d1y36yF63Jk7U9y45zHM+lVeL6baETDblWe7t1h1doo06+x+app16i03PYfELWPRTKlE8cjKJNl+Svpg4eq74pCfTsR4SKz7WtHcO7/AtPQDLBekxlwRz3F2IKrbUwlfLtZdfEfhzoGYfuwvstmeAtkvOSt6O+gB6T/+QMrRpRSnJ/x6e8o/iv8F+OtQlijn/riVgoNzKVrrhG65UMfifhRM6yaFRaTRqgGSveK6NttSNPZ7VK4t0M6XAhq5TorNGMwbWgutfIZpxgcYp3yAeVVdTGvqoZetbnMbDNddMHqPRrO8Ixku9YnsX52YQbUont0OzQqpC0t6kD++CQVjG5NrV53MwXW4L3yuyETf0fY8HNUPPzcp7tMdRWgMIXj3RhKfBViXuSlPBcpLSSU7PZeUY0vRr6iOYVV9iuZ+R7hLUyLcWmF6NgfLLWfM+4VaDtXBckR65EqhwOPC3d52mG6PIvfMeOJX2pOzoTf52+0x/DSE/D1DKTliT+bDSy/nMlcNIencVtLDAn4tjIKpdftb8XcBV0L5NUXSqyRTsje6kzS5B1meXVFN7yrZ2IqSSZ0EyIFihjqLyelI6YQOmANFkz+eIcahJ8YZQiOiVkwzKlvBNu9ogWFFHXSLJdP3Cyc+n0rx6g4k969GTL/qJDjKxVjbg9LlPeVC9JRe1QnjGilQjt+S0KUKMfbfWRWL35hBPBzRi4dug6zfiBI6aSBh62YT9/gJyYHiJSKjyIxLInTbclKmNSF/XnMKV7Yjc2FHYt1bUrJHembgbOtAlOWn9ph2fiOF8ktMyz/CfKoV5rtyIR5NovjHMaRvdhRVImLhsB3qU06oTrqSfmUXaWc3ycVcTNJGF1ThD39diP/P4h8C/peRe+0UwZ62xI/vQcLw1sQPbU7x+HaUenaQ7toZ/ZyeFI9uhXa3C8StkQo/UmRWZ+Hg6pjnfyHqpYFU/nYYhFa0U8TZrRPtK/Kw9KAtGfbfkOXehJIFHShd0oniOR0omdUWzep+mDYNIlNoJ6qTAG5blwf2HXjm0oP74kD9x4mznDSIF9MGEzhjGCG715Pg/5ik8Fgi968jxrM1mYu6ULSmO1nrBhA7ry/Fi1oIZYzGHDAT88W+GDfWQj+lHKaN0hs3fSOKRWqTvweld2eRK3a+6MAQ1Hulxx0ZTOlRR7LOr6bgxwVot3QnfV578i9ve4XQ74t/Crgyvpv76DYpOxYRNsWe6HG9iHNuLTa/gxRQyUTFfYpMVE/uTIlY/wLHJugvTIKwRZiO9BNnWkc4uIpkT00sB9uLuagv+rwqunlyovK5/tZYVMvboV3RiaJpLcj3aEqBZzNKFwl17ROZqXyR6JD6xPasxrOedXhi24Jng9twR6jl8ZgBRM4YLDw+hKezR/Nw5mjr41ijdswnZ6Vo5cV9KNggbctgYtaMImKFK6XSo4zeCn9PxnhYksXjXXSzymM51UhMjRid8MlYQmaTfmg0UcuHUXzYEe3pIRRIzSr9aRxZ+2ZSuqE7BfvE9Ih9t+he0sjvjb8LuMJDBUkJRB7ZTuC80YSumkLEVAdixvcifmQ7VCIVNbN6YhA+10pRLXJrZ6UYlWR9kVtbtFJwzNdGol/eCP0EAXyhFKVVta2AG5fXld+rg3F7B0x+Huj2D6TIszGp9tVFoTSTTO+Cfqs96qVdyPdsSf7YRkT2qc7dTvV42q8p/v2bC7V0xW94T+In9SRihh1+M8dZnyjnL4olc34Lspa2sz7bynCwN6nb3IlZO4bY9W5kLBmI4b5Q3t2xGHY0QzutgpgeyezLHbHcF60dOhOV91Troz7C17gKZQjgpwTsQ/bk7h1H9qpBaH4R51n6v58U8Xvi7wKeHfyUkENbCV0/V2z+dCI2ziHMcyBx43oQNaozueM6ovbsIgfclawRLUkc2ow0MSrZw5qSKV0/e2onkV2LRGINEtn4FYYpIsWk6Tw+tN62p58ncnFTK4w3R1F6wF5+71syhKtzRzWiZHYHcaQDSRtcg8RB1ckfVY8kuzoE9ZVMd2pq/W7jRz3r89iuNSke35M2pSUB05zwn+FCyvyuJM7oRKx4Cc0uqQE/didunQuJmz1I3+BMvsg8FP19ZSgGxSMsF1e8Uvj7RAex8WMwhCwmeu9sMaADyNg+lNxdg+Vnh6E+KMVTel3xHvEb+n8tq/8yfhNw5XlOib7XpRDNImLNNCIWSvda6EqQyK8Ij74EuPYkYXRHCtw7kOr8PQkOTYiza0yMSLe4fnWI7y+tu4AloJdeHSc8Kdw+pjy6MeXQuJSnxOk9Sp3fQz2uCtpVkmU/CTcKf2eLWlHAVk0VyprUjGSHWoS1rUxMr2pkOdSwavPUod8S17saga2qiLKpIY60AWlCQTkzW6Pe3YvsBW3IEBop3dlfnGFfinbbiw13In+TFL0LHhifCHffcsFwoC2GNaJeln8hwDfEcLInBE8n7dwcojZMIfWHYeTtHoH6+FC0x/qQf3gUOb4/oc5MeIXSH4vfBtxiJj3kGaGbFxE/fzjxu5cSsnIqQdOG8XTqcPynu/DMfQAvnDsQ4tCCUNsmkqGiBEZLkXJoKEWwARG9avO0+WekuUmRUp7esFTcncv7qBzeRuP2oaiaqpQK+MqjmPSrm6O5MIyMUXVEBjYShSIyTKgk1fZrYnp8TlyfL0mVbM+VwhrZUxxp18940U3MklM9csZ8Q6rTV6hm10OzrCmane2wnO2D6Wh/MSr2FO1yImunKKzDy1A/EwUVMB3j+YEY934vgNcSWmuC8UxvUSXjyLs1j9jlLiRtmUDiDk8yNtuTsqmfUFR9VIccEAf/b8ffpZTC9BTCDmwkdo4jyfOdiF42jvDJ9oROsOXZJEf8PewJHN2TAJeuBDp1EA3diFyhkyzHxqTYNbAalUQnuQhDxMws62G1/Ya1LQTkD9BNlm4892vUoz+g1FVAn/gZ+sN9UJ8bRuHE5uR5tCTbtbEYlFpWA5QnvJ4ztiGFHs1IcfiWiI4fkTi4HvFOTQju+BmRdl+hXi8Ze7QnFlEehn1dsPxsi/rYYKI3eAqHe5LttxPTw8mYH0/C8GM/cdE1pFCLjf9J3LLPMEoCVxDvd4eE/ctJWO9O9KGVJKzuTfaxcRQsFVO3q8Ovkwj/TvxdwJVlyukBj4k+vYfwLQuJXDWZ5Gm2IsMGE+bRX7i8J7Fu3QlVHhTp2oOnTh0JcmhFuF1Twvo3IEFoJcNObPy83iT2rkHptUkiucaKCWkqmdUY47LaaCZ8jHqsZPu4j9Eva2K9WVZzYhhJXauQN6I+OWL3c1wbkO5cn2wxQJlCJ1kONUm1qyFSsSEJQ+qSPOY7ite1Rb1BivZOAfpMLwG8B7odPcj5wdH6nWzFP0/D8EBUyeXhGC4Nl4tak5J58vfFCxifzqD0/nSerx5JyNkjJB5bQ+6ijkIrosEXNcOY8BDtixvoQi/9+ui8fyf+LuBKqFXFZCXEEXlsh2S4O9nzHUiaPUQy3cE6E5Q+rgvpE7qTIIU0dLTItOHdeOIo2e4gVrxPXZIcxLUt60+es0g9KWSWEJGKQi/m80Mxbm2DdtY3aKd/KYX3S3RTv0a/rTPG+55SgGuR0+8LsoUyMkc0JHt8S3LGNSdl4DekD/yanJENiBdXGtn1U/JmNUV/ULh7Sh0yPepQvKwtSRPbkT69I4UrRHef97B+w6xRFJPy/HLdsQEUzm1F6WYxZo9mUBRyhYj9q3i+fQVBW2aSoqiSy0tJv3GUgus7JfOUG23+vPiHgCuP+8xPTyXe6yzxc4eRM3cQGbPtCJ0yhBdjepE4qgNhLp1Jcess5qcLmWM6kD6+O9mj21I0tRsl07uhmdEVtexrxkuXl8JlDl0mwC/EdNEJ3Yb2aBZIoZxYDfXET9HMrYfJ240S0b6ZQidpfYWf7WqTOe57MoY3EDXUQCRiU7Id6xDWuiJhos3T3esKH4vx2t2WktUtpWbUI2pie6IGNxDDI3SRsQ3TjdEYTg8UOvFAs0foZI89+ouOaCL3oSvIJX7fQl6c3kHoviXkn/aUIvbngvyX8Q8BV0JZhJh8/Rxhs51JmdiTzBliNpZ5ELB4AoET7Age25vYMV1EQbQSDS66VxynZUk/VNO6kDaqLSnC4ylOzSjyEA6c3AndeluMwcsF9Hki2QajFwC0K1sK2MKpC75Df2oIprseGLwnoD7hQubk9lJMJcNdm1MkUq9kRhcKxjQlsX1FNNvaYjojf+9sN8w/9kKzoS2qRS1FVQxGe3YkmptTsaRvtX4Llum8Pebn09FdckXvLaYlYCNFSS+/UFqXHEnOtb3k/rIRU87LbyP5T8U/BVwJbU46kcvHEyQgh66cwosVkwhZN5vna+bwdN44no3uQ4pLW+JGdybGWdymZLNaTFC6ZLziSmOdvifdtQ2GpWKlV/dFv9kBje98zJFLMfuIbPxJgBcTZNjcEf1OcZ/KN3qfEFXgNQq9z0RUx0ZSulIyc34v8lxEEQ2uL1xeDfPJTiL9hLePCRXt7SaFdyD6axOwhC3B8nyaZLQUyRfzpTa4irOcDuELMIYtRhX7C2mBT8iPDHx1hv+9+F2AK91O+Z738M0LCF0+idANYoKO7iBw3VyerZlLyPThpI1sS6x7D4LE6QW4iNlwakX6yFZEyjZ6RHvJzJ6YVvQXk6EohO4Uze9D8Smx2PEbxCAtFFc6SkAegG5Pb/SHZHtgENr9duhPDhZzNBaT/xx03tPIXCCUNa4l+v0DwG88lgeTRNJNxxwwH0vKJizRwte3pTifscd41VVs/Bgs/lKwY1egCtpIypWtZIYGk6s8dzbr5Wqol8+N/XO+7eSfxe8C3FhaTOLFI9avIY85vV8An0u8GKOEe94ELRd9LiCHuvUhY2xH4qWAhk1x4Nm4QYS5duHFyM5EDGtLvjIUMK+nAN2TLGX5szjU3HHtKN44FM09yfb49ZjDl2K6LRl/bij6s2I4jtujPSxO9agD+tOOAuQ4ydiFGBTzErYIS+4+LElCA8oDJ5XBqCfTXoItSkR5cptJ7LvpyWRUL7YSf3kbUZd/IsnnKglXjpIXE/rq7F6ukFK8x38jfhfgSuiy08nzu0bi5VMkP3skxiiAlIAnvDiyUyTVbMLWTCdkXD+C7VsS49SayJGdCB/egUCPgTwd3ZvksZ0pntmDjAldyZsqysa9KyHiWvMmSfbP74L+uCP6Rwswx6yDiKVYns3CcNtdwHNBd2YYmmNDRDIK8L+MRH9ViqBkvRV0yVxz8DwsoQtQvtPNHLEEYpajf7EUVfBW0p9fJPGJyNtb14k4sZ20J74keR0gPzrk1yVpgsGrvf98/G7AX0dJwF0STu8kJzmRtKBnxN25QdSV81LlDxJ4bC8hU51IlUyPcW5Lsksba0FNniQcP7EXOdN6k+TRjWi3LgRIsQ3cvZH0A0sxrG+PcU0zNKs7ULzLgdyTEym+r4C2BmO0NFE1hrtiWG65S+aOwXBD2j1PzIk/yAGdgNy9GJO2YIzdhPbZcnK8FpL083binjwn7OoVa3KkP71P4vYJJF/cTtL1UxRmpL06o/9u/MuAK5F1YR/RO5eSGRZEdlwMUV4C+MGtvNi1RlzpMNSzRM1M7UP8+J4ke0hWe/YgUUCPn9iHJzNceDJnNE+XeFrHr/NS0jHEPRL6EId4vDHqtW1ImyjFd75Y7AMLiT+3lNQbK0g/P5usn2eLmphPwe1F5Hkvo/TuMqGNqeQfGk3m1uFkbXIm7YdRxG2bSdThzaRLYYw4f5iUR95k+PuQcuMkuZEBZIU8Jiv8+auz+e+GAvidV/v/UqQd3kjqoQ1knttH8sH1pK6cQMHq8WTPHUq6gJ6/wJHihUPJkv3UGYOJneFE+LLJctK/kCo8WqQ8xV6KlzEv9+V/qCsQKtmJ5b4H5sO9UW8Rw7TWnrRN48g4t5PUC0fJPLCcgkv7yPe5QO6DO+T9KPRz2B7VNhcKTq0hRzI37/Qa2V9NUXQYqrBnJHsdI3LLDHJOrxV7f5X0C9sojlTuUvjvFMm/Dvj/AB+V590S4xi8AAAAAElFTkSuQmCC', '0');

-- ----------------------------
-- Table structure for `sys_login`
-- ----------------------------
DROP TABLE IF EXISTS `sys_login`;
CREATE TABLE `sys_login` (
  `id` int(11) NOT NULL,
  `login_name` varchar(20) NOT NULL DEFAULT '' COMMENT '登录名',
  `password` varchar(255) NOT NULL DEFAULT '' COMMENT '密码',
  `phone_no` varchar(20) NOT NULL DEFAULT '' COMMENT '电话号码',
  `email_addr` varchar(255) NOT NULL DEFAULT '' COMMENT '电子邮件',
  `verify_code` varchar(10) NOT NULL DEFAULT '' COMMENT '验证码',
  `verify_time` bigint(20) NOT NULL DEFAULT 0 COMMENT '验证时间',
  `is_locked` smallint(6) NOT NULL DEFAULT 0 COMMENT '是否锁定',
  `pass_update_date` bigint(20) NOT NULL DEFAULT 0 COMMENT '密码修改时间',
  `locked_reason` varchar(255) NOT NULL DEFAULT '' COMMENT '锁定原因',
  `fail_count` int(11) NOT NULL DEFAULT 0 COMMENT '失败次数',
  `create_time` bigint(20) NOT NULL DEFAULT 0 COMMENT '创建时间',
  `login_count` int(11) NOT NULL DEFAULT 0 COMMENT '登录次数',
  `last_login_time` bigint(20) NOT NULL DEFAULT 0 COMMENT '最后登录时间',
  `last_logout_time` bigint(20) NOT NULL DEFAULT 0 COMMENT '最后退出时间',
  `last_active_time` bigint(20) NOT NULL DEFAULT 0 COMMENT '最后活动时间',
  PRIMARY KEY (`id`)
) ENGINE=InnoDB DEFAULT CHARSET=utf8;

-- ----------------------------
-- Records of sys_login
-- ----------------------------
INSERT INTO `sys_login` VALUES ('1', '18180770313', '96E79218965EB72C92A549DD5A330112', '18180770313', '', '', '0', '0', '0', '', '0', '0', '0', '0', '0', '0');
INSERT INTO `sys_login` VALUES ('7', '18428352011', '96E79218965EB72C92A549DD5A330112', '', '', '', '0', '0', '0', '', '0', '0', '0', '0', '0', '0');

-- ----------------------------
-- Table structure for `sys_login_history`
-- ----------------------------
DROP TABLE IF EXISTS `sys_login_history`;
CREATE TABLE `sys_login_history` (
  `id` int(11) NOT NULL,
  `user_id` int(11) NOT NULL COMMENT '用户ID',
  `login_time` bigint(20) NOT NULL COMMENT '登录时间',
  `login_host` varchar(255) NOT NULL DEFAULT '' COMMENT '登录IP',
  `logout_time` bigint(20) NOT NULL COMMENT '退出时间',
  `login_history_type` int(11) NOT NULL COMMENT '1:正常登录\r\n            2:密码错误\r\n            3:验证码错误\r\n            4:工号锁定',
  `message` varchar(255) NOT NULL DEFAULT '' COMMENT '信息',
  PRIMARY KEY (`id`)
) ENGINE=InnoDB DEFAULT CHARSET=utf8;

-- ----------------------------
-- Records of sys_login_history
-- ----------------------------

-- ----------------------------
-- Table structure for `sys_module`
-- ----------------------------
DROP TABLE IF EXISTS `sys_module`;
CREATE TABLE `sys_module` (
  `id` int(11) NOT NULL,
  `parent_id` int(11) NOT NULL DEFAULT 0 COMMENT '上级ID',
  `name` varchar(60) NOT NULL DEFAULT '' COMMENT '模块名称',
  `location` varchar(2000) NOT NULL DEFAULT '' COMMENT '地址',
  `code` varchar(20) NOT NULL DEFAULT '' COMMENT '代码',
  `is_debug` smallint(6) NOT NULL DEFAULT 0 COMMENT '是否调试',
  `is_hide` smallint(6) NOT NULL DEFAULT 0 COMMENT '隐藏',
  `show_order` smallint(6) NOT NULL DEFAULT 0 COMMENT '排序',
  `description` varchar(2000) NOT NULL DEFAULT '' COMMENT '描述',
  `image_url` varchar(2000) NOT NULL DEFAULT '' COMMENT '图片地址',
  `desktop_role` varchar(200) NOT NULL DEFAULT '' COMMENT '桌面显示角色',
  `w` int(11) NOT NULL DEFAULT 0 COMMENT '宽',
  `h` int(11) NOT NULL DEFAULT 0 COMMENT '高',
  PRIMARY KEY (`id`),
  KEY `FK_sys_module_REF_module` (`parent_id`)
) ENGINE=InnoDB DEFAULT CHARSET=utf8;

-- ----------------------------
-- Records of sys_module
-- ----------------------------
INSERT INTO `sys_module` VALUES ('1', '0', '系统管理', '', 'system', '1', '0', '1', '', 'settings', '', '0', '0');
INSERT INTO `sys_module` VALUES ('2', '1', '角色管理', '/pages/query/query?code=role', 'role', '1', '0', '3', '123', 'people', '3', '1', '2');
INSERT INTO `sys_module` VALUES ('3', '1', '模块管理', '/pages/query/query?code=module', 'module', '0', '0', '2', '', 'menu-2', '', '0', '0');
INSERT INTO `sys_module` VALUES ('4', '1', '用户管理', '/pages/query/query?code=user', 'user', '0', '0', '4', '', 'person-done', '', '0', '0');
INSERT INTO `sys_module` VALUES ('5', '1', '查询管理', '/pages/query/list', 'query', '0', '0', '1', '222', 'search', '', '0', '0');
INSERT INTO `sys_module` VALUES ('11', '1', '查询管理', '/pages/query/query?code=query', 'query1', '0', '0', '0', '', 'bulb', '', '0', '0');
INSERT INTO `sys_module` VALUES ('12', '0', '微信管理', '', '', '0', '0', '0', '', 'email', '', '0', '0');
INSERT INTO `sys_module` VALUES ('13', '12', '微信管理员', '/pages/query/query?code=PsAdmin', 'PsAdmin', '0', '0', '0', '', 'people', '', '0', '0');
INSERT INTO `sys_module` VALUES ('14', '12', '公众号粉丝', '/pages/query/query?code=WxUser', 'WxUser', '1', '0', '0', '', 'person', '', '0', '0');
INSERT INTO `sys_module` VALUES ('15', '12', '产品批次管理', '/pages/query/query?code=batch', 'batch', '1', '0', '0', '', 'gift', '', '0', '0');

-- ----------------------------
-- Table structure for `sys_query`
-- ----------------------------
DROP TABLE IF EXISTS `sys_query`;
CREATE TABLE `sys_query` (
  `id` int(11) NOT NULL,
  `name` varchar(50) NOT NULL DEFAULT '' COMMENT '名称',
  `code` varchar(20) NOT NULL DEFAULT '' COMMENT '代码',
  `auto_load` smallint(6) NOT NULL DEFAULT 0 COMMENT '自动加载',
  `page_size` smallint(6) NOT NULL COMMENT '每页大小',
  `show_checkbox` smallint(6) NOT NULL DEFAULT 0 COMMENT '是否有筛选框',
  `is_debug` smallint(6) NOT NULL DEFAULT 0 COMMENT '调试',
  `query_conf` text NOT NULL DEFAULT '' COMMENT '查询内容',
  `query_cfg_json` text NOT NULL DEFAULT '' COMMENT '配置信息',
  `in_para_json` text NOT NULL DEFAULT '' COMMENT '参数',
  `js_str` text NOT NULL DEFAULT '' COMMENT 'js脚本',
  `rows_btn` text NOT NULL DEFAULT '' COMMENT '行按钮',
  `heard_btn` text NOT NULL DEFAULT '' COMMENT '表头按钮',
  `report_script` text NOT NULL DEFAULT '' COMMENT '报表脚本',
  `charts_cfg` text NOT NULL DEFAULT '' COMMENT '图标',
  `charts_type` varchar(50) NOT NULL DEFAULT '' COMMENT '图表类型',
  `remark` text NOT NULL DEFAULT '' COMMENT '备注',
  PRIMARY KEY (`id`)
) ENGINE=InnoDB DEFAULT CHARSET=utf8;

-- ----------------------------
-- Records of sys_query
-- ----------------------------
INSERT INTO `sys_query` VALUES ('1', '查询管理模板', 'query', '1', '10', '1', '1', 'select id,\r\n    name,\r\n    code,\r\n    auto_load,\r\n    page_size ,\r\n    show_checkbox,\r\n    is_debug,\r\n    remark\r\nfrom ps.sys_query', '{\n	\"id\": {\n		\"title\": \"查询ID\",\n		\"type\": \"number\",\n		\"editable\": false\n	},\n	\"name\": {\n		\"title\": \"查询名\",\n		\"tooltip\": \"用于查询\",\n		\"type\": \"string\"\n	},\n	\"code\": {\n		\"title\": \"代码\",\n		\"type\": \"string\"\n	},\n	\"auto_load\": {\n		\"title\": \"自动加载\",\n		\"defaultValue\": 1,\n		\"type\": \"custom\",\n		\"renderComponent\": \"SmartTableFormatValuePage\",\n		\"onComponentInitFunction\": function(instance) {\n			instance.format = (x) => {\n				return x == 0 ? \"否\" : \"是\"\n			}\n		},\n		\"editor\": {\n			\"type\": \"list\",\n			\"config\": {\n				\"list\": [{\n						\"value\": \"1\",\n						\"title\": \"是\"\n					},\n					{\n						\"value\": \"0\",\n						\"title\": \"否\"\n					}\n				]\n			}\n		}\n	},\n	\"page_size\": {\n		\"title\": \"页面大小\",\n		\"type\": \"number\",\n		\"defaultValue\": 10\n	},\n	\"show_checkbox\": {\n		\"title\": \"允许多选\",\n		\"type\": \"custom\",\n		\"renderComponent\": \"SmartTableFormatValuePage\",\n		\"onComponentInitFunction\": function(instance) {\n			instance.format = (x) => {\n				return x == 0 ? \"否\" : \"是\"\n			}\n		},\n		\"defaultValue\": 1,\n		\"editor\": {\n			\"type\": \"list\",\n			\"config\": {\n				\"list\": [{\n						\"value\": \"1\",\n						\"title\": \"是\"\n					},\n					{\n						\"value\": \"0\",\n						\"title\": \"否\"\n					}\n				]\n			}\n		}\n	},\n	\"is_debug\": {\n		\"title\": \"是否隐藏\",\n		\"editable\": false,\n		\"type\": \"custom\",\n		\"renderComponent\": \"SmartTableFormatValuePage\",\n		\"onComponentInitFunction\": function(instance) {\n			instance.format = (x) => {\n				return x == 0 ? \"否\" : \"是\"\n			}\n		},\n		\"defaultValue\": 1,\n		\"editor\": {\n			\"type\": \"list\",\n			\"config\": {\n				\"list\": [{\n						\"value\": \"1\",\n						\"title\": \"是\"\n					},\n					{\n						\"value\": \"0\",\n						\"title\": \"否\"\n					}\n				]\n			}\n		}\n	},\n	\"QUERY_CONF\": {\n		\"title\": \"查询脚本\",\n		\"tooltip\": \"能查出数据的SQL\",\n		\"type\": \"string\",\n		\"inputWidth\": 12,\n		\"isTabs\": true,\n		\"hide\": true,\n		\"editor\": {\n			\"type\": \"textarea\"\n		}\n	},\n	\"QUERY_CFG_JSON\": {\n		\"title\": \"列配置信息\",\n		\"tooltip\": \"title:标题,type:类型,inputWidth:列宽(6/12),editable:是否可编辑,editor:编辑配置,isTabs:tabs显示,tooltip:编辑框提示,hide:是否在列表显示\",\n		\"type\": \"string\",\n		\"isTabs\": true,\n		\"hide\": true,\n		\"inputWidth\": 12,\n		\"editor\": {\n			\"type\": \"textarea\"\n		}\n	},\n\n	\"IN_PARA_JSON\": {\n		\"title\": \"传入的参数\",\n		\"type\": \"string\",\n		\"isTabs\": true,\n		\"hide\": true,\n		\"inputWidth\": 12,\n		\"editor\": {\n			\"type\": \"textarea\"\n		}\n	},\n	\"JS_STR\": {\n		\"title\": \"JS脚本\",\n		\"type\": \"string\",\n		\"isTabs\": true,\n		\"hide\": true,\n		\"inputWidth\": 12,\n		\"editor\": {\n			\"type\": \"textarea\"\n		}\n	},\n	\"ROWS_BTN\": {\n		\"title\": \"行按钮\",\n		\"tooltip\": \"目前只支持两个按钮，一个修改，一个删除\",\n		\"isTabs\": true,\n		\"hide\": true,\n		\"type\": \"string\"\n	},\n	\"HEARD_BTN\": {\n		\"title\": \"表头按钮\",\n        \"tooltip\": \"添加事件：nowThis.Add(\'api地址\');批量执行：nowThis.exec(\'api地址\',\'列名\',\'确认提示信息\')；导出所有事件：nowThis.onExportXls()\",\n		\"isTabs\": true,\n		\"hide\": true,\n		\"type\": \"string\"\n	},\n\n	\"REMARK\": {\n		\"title\": \"备注\",\n		\"isTabs\": true,\n		\"hide\": true,\n		\"type\": \"string\",\n		\"inputWidth\": 12,\n		\"editor\": {\n			\"type\": \"textarea\"\n		}\n	}\n}', '', '', '[{\n		\"title\": \"修改\",\n		\"class\": \"icon-edit\",\n		\"apiUrl\": \"query/save\"\n	},\n	{\n		\"title\": \"删除\",\n		\"class\": \"icon-ashbin\",\n		\"apiUrl\": \"query/delete\",\n		\"confirmTip\": \"确定要删除吗？\"\n	}\n]', '[\n  {\n    \"title\":\"添加\",\n    \"class\":\"plus\",\n    \"click\":\"nowThis.Add(\'query/save\')\"\n  }\n]\n', '', '', '', '可以管理系统的模块1');
INSERT INTO `sys_query` VALUES ('2', '查询用户', 'user', '1', '10', '1', '1', 'select\r\n  a.id,\r\n  a.name,\r\n  a.login_name loginname,\r\n  a.icon_files iconfiles,\r\n  a.district_id districtid,\r\n  a.create_time createtime,\r\n  b.login_count logincount,\r\n  b.last_login_time lastlogintime,\r\n  b.last_logout_time lastlogouttime,\r\n  b.last_active_time lastactivetime,\r\n  remark,\r\n (\r\n		select\r\n			group_concat(b.`name`)\r\n		from\r\n			sys_role b,\r\n			sys_user_role c\r\n		where\r\n			b.id = c.role_id\r\n		and c.user_id = a.id\r\n	) roleidlist\r\nfrom\r\n	sys_user a left JOIN sys_login b on a.login_name=b.login_name', '{\n    \"id\": {\n        \"title\": \"ID\",\n        \"type\": \"int\",\n        \"editable\": false,\n        \"filterAble\": false\n    },\n    \"name\": {\n        \"title\": \"姓名\",\n        \"type\": \"String\",\n        \"editable\": true\n    },\n    \"loginName\": {\n        \"title\": \"登录名\",\n        \"type\": \"String\",\n        \"editable\": true\n    },\n    \"districtId\": {\n        \"title\": \"归属地\",\n        \"type\": \"int\",\n        \"editable\": true\n    },\n    \"roleIdList\": {\n        \"title\": \"角色\",\n        \"type\": \"string\",\n        \"editable\": true,\n        \"editor\": {\n            \"type\": \"listAsyn\",\n            \"config\": {\n                \"api\": \"user/query/getListData\",\n                \"multiple\": true,\n                \"postEnt\": {\n                    \"code\": \"role\"\n                },\n                \"hasAllCheckBox\": false,\n                \"maxHeight\": 100\n            }\n        },\n        \"filter\": {\n            \"type\": \"listAsyn\",\n            \"config\": {\n                \"api\": \"user/query/getListData\",\n                \"postEnt\": {\n                    \"code\": \"role\"\n                }\n            }\n        }\n    },\n    \"iconFiles\": {\n        \"title\": \"头像图片\",\n        \"type\": \"int\",\n        \"editable\": true,\n        \"hide\": true,\n        \"filterable\": false,\n        \"editor\": {\n            \"type\": \"file\"\n        }\n    },\n\n    \"createTime\": {\n        \"title\": \"创建时间\",\n        \"type\": \"Date\",\n        \"editable\": false,\n        \"editor\": {\n            \"type\": \"Date\",\n            \"bsConfig\": {\n                \"dateInputFormat\": \"YYYY-MM-DD\",\n                \"containerClass\": \"theme-red\"\n            }\n        },\n        \"filter\": {\n            \"type\": \"Date\",\n            \"range\": true,\n            \"bsConfig\": {\n                \"dateInputFormat\": \"YYYY-MM-DD\",\n                \"containerClass\": \"theme-red\"\n            }\n        }\n    },\n    \"loginCount\": {\n        \"title\": \"登录次数\",\n        \"type\": \"int\",\n        \"editable\": false\n    },\n    \"lastLoginTime\": {\n        \"title\": \"最后登录时间\",\n        \"editable\": false,\n        \"type\": \"Date\",\n        \"editor\": {\n            \"type\": \"Date\",\n            \"bsConfig\": {\n                \"dateInputFormat\": \"YYYY-MM-DD\",\n                \"containerClass\": \"theme-red\"\n            }\n        }\n    },\n    \"lastLogoutTime\": {\n        \"title\": \"最后离开时间\",\n        \"type\": \"Date\",\n        \"editable\": false,\n        \"editor\": {\n            \"type\": \"Date\",\n            \"bsConfig\": {\n                \"dateInputFormat\": \"YYYY-MM-DD\",\n                \"containerClass\": \"theme-red\"\n            }\n        }\n    },\n    \"lastActiveTime\": {\n        \"title\": \"最后活动时间\",\n        \"type\": \"Date\",\n        \"editable\": false,\n        \"editor\": {\n            \"type\": \"Date\",\n            \"bsConfig\": {\n                \"dateInputFormat\": \"YYYY-MM-DD\",\n                \"containerClass\": \"theme-red\"\n            }\n        }\n    },\n    \"remark\": {\n        \"title\": \"备注\",\n        \"type\": \"String\",\n        \"editable\": true,\n        \"editor\": {\n            \"type\": \"textarea\"\n        }\n    },\n    \"status\": {\n        \"title\": \"状态\",\n        \"type\": \"String\",\n        \"editable\": true,\n        \"valuePrepareFunction\": (v) => { return v == 1 ? \'正常\' : \'禁用\' },\n        \"editor\": {\n            \"type\": \"list\",\n            \"config\": {\n                \"list\": [\n                    {\n                        \"value\": \"1\",\n                        \"title\": \"正常\"\n                    },\n                    {\n                        \"value\": \"0\",\n                        \"title\": \"禁用\"\n                    }\n                ]\n            }\n        }\n    }\n}', '', '', '[{\n		\"title\": \"修改\",\n		\"class\": \"icon-edit\",\n		\"apiUrl\": \"user/user/save\",\n		\"readUrl\": \"user/user/singleByKey\"\n	},\n	{\n		\"title\": \"删除\",\n		\"class\": \"icon-ashbin\",\n		\"apiUrl\": \"user/user/delete\",\n		\"confirmTip\": \"确定要删除该用户吗？\"\n	}\n]', '[\n    {\n        \"title\": \"添加\",\n        \"class\": \"plus\",\n        \"click\": \"nowThis.Add(\'user/user/save\')\"\n    }\n]', '', '', '', '用户的基本情况管理');
INSERT INTO `sys_query` VALUES ('3', '模块管理', 'module', '1', '10', '1', '1', 'select \r\n  id,\r\n  parent_id parentid,\r\n  name,\r\n  location location,\r\n  code ,\r\n  is_debug isdebug,\r\n  is_hide ishide,\r\n  show_order showorder,\r\n  description description,\r\n  image_url imageurl,\r\n  desktop_role desktoprole,\r\n  w,\r\n  h \r\nfrom sys_module', '{\n    \"id\": {\n        \"title\": \"ID\",\n        \"type\": \"int\",\n        \"editable\": false\n    },\n    \"parentId\": {\n        \"title\": \"上级\",\n        \"type\": \"int\",\n        \"editable\": true,\n        \"editor\": {\n            \"type\": \"listTreeAsyn\",\n            \"config\": {\n                \"api\": \"user/query/getListData\",\n                \"postEnt\": {\n                    \"code\": \"module\",\n                    \"page\": 1,\n                    \"rows\": 20\n                },\n                \"TreeOptions\": {\n                    \"useCheckbox\": false,\n                    \"childrenField\": \"children\",\n                    \"displayField\": \"name\",\n                    \"idField\": \"id\"\n                },\n                \"hasAllCheckBox\": false,\n                \"maxHeight\": 100\n            }\n        }\n    },\n    \"name\": {\n        \"title\": \"模块名\",\n        \"type\": \"String\",\n        \"editable\": true\n    },\n    \"location\": {\n        \"title\": \"地址\",\n        \"type\": \"String\",\n        \"editable\": true\n    },\n    \"code\": {\n        \"title\": \"代码\",\n        \"type\": \"String\",\n        \"editable\": true\n    },\n    \"isDebug\": {\n        \"title\": \"调试\",\n        \"type\": \"checkbox\",\n        \"valuePrepareFunction\": (v) => { return v == 1 ? \'是\' : \'否\' },\n        \"editable\": true,\n        \"editor\": {\n            \"type\": \"checkbox\"\n        },\n        \"filter\": {\n            \"type\": \"checkbox\",\n            \"config\": {\n                \"true\": \"Yes\",\n                \"false\": \"No\",\n                \"resetText\": \"clear\"\n            }\n        }\n    },\n    \"isHide\": {\n        \"title\": \"隐藏\",\n        \"type\": \"String\",\n        \"editable\": true,\n        \"valuePrepareFunction\": (v) => { return v == 1 ? \'是\' : \'否\' },\n        \"editor\": {\n            \"type\": \"list\",\n            \"config\": {\n                \"list\": [\n                    {\n                        \"value\": \"1\",\n                        \"title\": \"是\"\n                    },\n                    {\n                        \"value\": \"0\",\n                        \"title\": \"否\"\n                    }\n                ]\n            }\n        }\n    },\n    \"showOrder\": {\n        \"title\": \"排序\",\n        \"type\": \"String\",\n        \"editable\": true\n    },\n    \"description\": {\n        \"title\": \"描述\",\n        \"type\": \"String\",\n        \"editable\": true\n    },\n    \"imageUrl\": {\n        \"title\": \"图片\",\n        \"type\": \"String\",\n        \"editable\": true\n    },\n    \"desktopRole\": {\n        \"title\": \"桌面角色\",\n        \"type\": \"String\",\n        \"editable\": true\n    },\n    \"w\": {\n        \"title\": \"宽\",\n        \"type\": \"int\",\n        \"editable\": true\n    },\n    \"h\": {\n        \"title\": \"高\",\n        \"type\": \"int\",\n        \"editable\": true\n    }\n}', '', '', '[\n    {\n        \"title\": \"修改\",\n        \"class\": \"icon-edit\",\n        \"readUrl\": \"user/module/singleByKey\",\n        \"apiUrl\": \"user/module/save\"\n    },\n    {\n        \"title\": \"删除\",\n        \"class\": \"icon-ashbin\",\n        \"apiUrl\": \"user/module/delete\",\n        \"confirmTip\": \"确定要删除吗？\"\n    }\n]', '[{\n		\"title\": \"添加\",\n		\"class\": \"plus\",\n		\"click\": \"nowThis.Add(\'user/module/save\')\"\n	},\n	{\n		\"title\": \"批量删除\",\n		\"class\": \"scissors\",\n		\"click\": \"nowThis.Exec(\'user/module/delete\',\'ID\',\'删除要删除吗？\')\"\n	}\n]', '', '', '', '模块管理');
INSERT INTO `sys_query` VALUES ('4', '角色管理', 'role', '1', '10', '1', '1', 'select id , name,remark from sys_role', '\r\n{\r\n  \"id\": {\r\n	\"title\": \"角色ID\",\r\n	\"defaultValue\": 0,\r\n	\"type\": \"number\",\r\n	\"editable\": false\r\n  },\r\n  \"name\": {\r\n	\"title\": \"角色名\",\r\n	\"type\": \"string\"\r\n  },\r\n  \"remark\": {\r\n	\"title\": \"备注\",\r\n	\"type\": \"string\"\r\n  },\r\n  \"moduleIdStr\": {\r\n	\"title\": \"所有模块\",\r\n	\"inputWidth\":\"12\",\r\n	\"type\": \"treeview\",\r\n	\"editor\":{\"type\": \"treeview\"}\r\n  }\r\n}\r\n', '', '', '[{\n		\"title\": \"修改\",\n		\"class\": \"icon-edit\",\n		\"openModal\": \"RoleEditComponent\",\n		\"readUrl\": \"user/role/singleByKey\",\n		\"apiUrl\": \"user/role/save\"\n	},\n	{\n		\"title\": \"删除\",\n		\"class\": \"icon-ashbin\",\n		\"apiUrl\": \"user/role/delete\",\n		\"confirmTip\": \"确定要删除吗？\"\n	}\n]', '[{\n		\"title\": \"添加\",\n		\"class\": \"plus\",\n		\"click\": \"nowThis.Add(\'user/role/save\',\'RoleEditComponent\',{Key:0},\'user/role/singleByKey\')\"\n	},\n	{\n		\"title\": \"批量删除\",\n		\"class\": \"scissors\",\n		\"click\": \"nowThis.Exec(\'user/role/delete\',\'ID\',\'删除要删除吗？\')\"\n	}\n]', '', '', '', '管理角色');
INSERT INTO `sys_query` VALUES ('11', '微信管理员', 'PsAdmin', '1', '10', '1', '0', 'SELECT\r\n	a.id,\r\n	b.openid,\r\n	b.nickname,\r\n	b.sex,\r\n	b.ip,\r\n	b.headimgurl,\r\n	b.address,\r\n	b.create_time,\r\n	b.last_time,\r\n	b.subscribe,\r\n	b.subscribe_time \r\nFROM\r\n	ps_admin AS a \r\nINNER JOIN wx_user AS b ON b.openid = a.openid\r\n', '{\n  \"id\": {\n    \"title\": \"id\",\n    \"type\": \"int\",\n    \"editable\": false\n  },\"openid\": {\n    \"title\": \"微信openid\",\n    \"type\": \"text\",\n    \"editable\": true\n  },\n  \"nickname\": {\n    \"title\": \"微信名\",\n    \"type\": \"text\",\n    \"editable\": false\n  },\n  \"sex\": {\n    \"title\": \"性别\",\n    \"type\": \"text\",\n    \"editable\": false\n  },\n  \"ip\": {\n    \"title\": \"ip地址\",\n    \"type\": \"text\",\n    \"editable\": false\n  },\n  \"headimgurl\": {\n    \"title\": \"头像\",\n    \"type\": \"text\",\n    \"editable\": false\n  },\n  \"address\": {\n    \"title\": \"地址\",\n    \"type\": \"text\",\n    \"editable\": false\n  },\n  \"create_time\": {\n    \"title\": \"关注时间\",\n    \"type\": \"numberbox\",\n    \"editable\": false\n  },\n  \"last_time\": {\n    \"title\": \"最后活动时间\",\n    \"type\": \"numberbox\",\n    \"editable\": false\n  },\n  \"subscribe\": {\n    \"title\": \"是否订阅\",\n    \"type\": \"text\",\n    \"editable\": false\n  },\n  \"subscribe_time\": {\n    \"title\": \"订阅时间\",\n    \"type\": \"numberbox\",\n    \"editable\": false\n  }\n}', '', '', '[{\n\n	},\n	{\n		\"title\": \"删除\",\n		\"class\": \"icon-ashbin\",\n		\"apiUrl\": \"ps/PsAdmin/delete\",\n		\"confirmTip\": \"确定要删除吗？\"\n	}\n]', '[{\n		\"title\": \"添加\",\n		\"class\": \"plus\",\n		\"click\": \"nowThis.Add(\'ps/PsAdmin/save\')\"\n	},\n	{\n		\"title\": \"批量删除\",\n		\"class\": \"scissors\",\n		\"click\": \"nowThis.Exec(\'ps/PsAdmin/delete\',\'id\',\'删除要删除吗？\')\"\n	}\n]                 \n                    ', '', '', '', '');
INSERT INTO `sys_query` VALUES ('12', '微信用户', 'WxUser', '1', '20', '1', '0', 'SELECT\na.openid id,\na.nickname,\na.sex,\na.province,\na.city,\na.country,\na.headimgurl,\na.unionid,\na.ip,\na.address,\na.create_time,\na.last_time,\na.`language`,\na.groupid,\na.subscribe,\na.subscribe_time,\na.remark,\na.tagid_list_str,\na.subscribe_scene,\na.qr_scene,\na.qr_scene_str\nFROM\nwx_user AS a', '{\n  \"id\": {\n    \"title\": \"id\",\n    \"type\": \"text\",\n    \"editable\": true\n  },\n  \"nickname\": {\n    \"title\": \"微信名\",\n    \"type\": \"text\",\n    \"editable\": true\n  },\n  \"sex\": {\n    \"title\": \"性别\",\n    \"type\": \"text\",\n    \"editable\": true\n  },\n  \"province\": {\n    \"title\": \"省\",\n    \"type\": \"text\",\n    \"editable\": true\n  },\n  \"city\": {\n    \"title\": \"市\",\n    \"type\": \"text\",\n    \"editable\": true\n  },\n  \"country\": {\n    \"title\": \"国家\",\n    \"type\": \"text\",\n    \"editable\": true\n  },\n  \"headimgurl\": {\n    \"title\": \"头像\",\n    \"type\": \"text\",\n    \"editable\": true\n  },\n  \"ip\": {\n    \"title\": \"IP地址\",\n    \"type\": \"text\",\n    \"editable\": true\n  },\n  \"address\": {\n    \"title\": \"地址\",\n    \"type\": \"text\",\n    \"editable\": true\n  },\n  \"create_time\": {\n    \"title\": \"创建时间\",\n    \"type\": \"numberbox\",\n    \"editable\": true\n  },\n  \"last_time\": {\n    \"title\": \"最近访问时间\",\n    \"type\": \"numberbox\",\n    \"editable\": true\n  },\n  \"language\": {\n    \"title\": \"语言\",\n    \"type\": \"text\",\n    \"editable\": true\n  },\n  \"subscribe\": {\n    \"title\": \"订阅\",\n    \"type\": \"text\",\n    \"editable\": true\n  },\n  \"subscribe_time\": {\n    \"title\": \"订阅时间\",\n    \"type\": \"numberbox\",\n    \"editable\": true\n  }\n}', '', '', '[]', '[]', '', '', '', '');
INSERT INTO `sys_query` VALUES ('13', '产品批次', 'batch', '1', '10', '1', '0', 'SELECT\n	a.id,\n        a.code,\n	a.create_time createTime,\n	a.introduce,\n	a.goods_num goodsNum,\n	a.down_num downNum\nFROM\n	ps_batch a', '{\n  \"id\": {\n    \"title\": \"id\",\n    \"type\": \"text\",\n    \"editable\": false\n  },\n  \"code\": {\n    \"title\": \"代码\",\n    \"type\": \"text\",\n    \"editable\": true\n  },\n  \"createTime\": {\n    \"title\": \"创建时间\",\n    \"type\": \"numberbox\",\n    \"editable\": false\n  },\n  \"introduce\": {\n    \"title\": \"介绍\",\n    \"type\": \"text\",\n    \"editable\": true\n  },\n  \"goodsNum\": {\n    \"title\": \"产品数量\",\n    \"type\": \"text\",\n    \"editable\": true\n  },\n  \"downNum\": {\n    \"title\": \"下载次数\",\n    \"type\": \"text\",\n    \"editable\": false\n  }\n}', '', '', '\n[{\n		\"title\": \"修改\",\n		\"class\": \"icon-edit\",\n		\"apiUrl\": \"ps/PsGoods/save\"\n	},\n	{\n		\"title\": \"下载\",\n		\"class\": \"icon-download\",\n		\"apiUrl\": \"ps/PsGoods/downCsv\",\n                \"urlType\":\"down\",\n		\"confirmTip\": \"确定要下载吗？\"\n	}\n]', '\n[{\n		\"title\": \"添加\",\n		\"class\": \"plus\",\n		\"click\": \"nowThis.Add(\'ps/PsGoods/save\')\"\n	}\n]                 \n                    ', '', '', '', '');

-- ----------------------------
-- Table structure for `sys_role`
-- ----------------------------
DROP TABLE IF EXISTS `sys_role`;
CREATE TABLE `sys_role` (
  `id` int(11) NOT NULL,
  `name` varchar(80) NOT NULL DEFAULT '' COMMENT '角色名称',
  `remark` varchar(255) NOT NULL DEFAULT '' COMMENT '备注',
  `type` int(11) NOT NULL DEFAULT 0 COMMENT '类型',
  PRIMARY KEY (`id`)
) ENGINE=InnoDB DEFAULT CHARSET=utf8;

-- ----------------------------
-- Records of sys_role
-- ----------------------------
INSERT INTO `sys_role` VALUES ('1', '系统管理员', '', '0');
INSERT INTO `sys_role` VALUES ('2', '管理员', '', '0');

-- ----------------------------
-- Table structure for `sys_role_module`
-- ----------------------------
DROP TABLE IF EXISTS `sys_role_module`;
CREATE TABLE `sys_role_module` (
  `role_id` int(11) NOT NULL,
  `module_id` int(11) NOT NULL,
  PRIMARY KEY (`role_id`,`module_id`),
  KEY `FK_sys_role_module_REF_module` (`module_id`),
  CONSTRAINT `FK_sys_role_module_REF_module` FOREIGN KEY (`module_id`) REFERENCES `sys_module` (`id`),
  CONSTRAINT `FK_sys_role_module_REF_role` FOREIGN KEY (`role_id`) REFERENCES `sys_role` (`id`)
) ENGINE=InnoDB DEFAULT CHARSET=utf8;

-- ----------------------------
-- Records of sys_role_module
-- ----------------------------
INSERT INTO `sys_role_module` VALUES ('1', '1');
INSERT INTO `sys_role_module` VALUES ('1', '2');
INSERT INTO `sys_role_module` VALUES ('1', '3');
INSERT INTO `sys_role_module` VALUES ('1', '4');
INSERT INTO `sys_role_module` VALUES ('1', '5');
INSERT INTO `sys_role_module` VALUES ('1', '11');
INSERT INTO `sys_role_module` VALUES ('1', '12');
INSERT INTO `sys_role_module` VALUES ('1', '13');
INSERT INTO `sys_role_module` VALUES ('1', '14');
INSERT INTO `sys_role_module` VALUES ('1', '15');
INSERT INTO `sys_role_module` VALUES ('2', '12');
INSERT INTO `sys_role_module` VALUES ('2', '13');
INSERT INTO `sys_role_module` VALUES ('2', '14');
INSERT INTO `sys_role_module` VALUES ('2', '15');

-- ----------------------------
-- Table structure for `sys_sequence`
-- ----------------------------
DROP TABLE IF EXISTS `sys_sequence`;
CREATE TABLE `sys_sequence` (
  `seq_name` varchar(50) NOT NULL COMMENT '表名',
  `current_val` int(11) NOT NULL DEFAULT 0 COMMENT '当前ID',
  `increment_val` int(11) NOT NULL DEFAULT 1 COMMENT '每次增加值',
  PRIMARY KEY (`seq_name`)
) ENGINE=InnoDB DEFAULT CHARSET=utf8;

-- ----------------------------
-- Records of sys_sequence
-- ----------------------------
INSERT INTO `sys_sequence` VALUES ('ps_admin', '2', '1');
INSERT INTO `sys_sequence` VALUES ('ps_batch', '2', '1');
INSERT INTO `sys_sequence` VALUES ('ps_goods_log', '34', '1');
INSERT INTO `sys_sequence` VALUES ('sys_files', '8', '1');
INSERT INTO `sys_sequence` VALUES ('sys_login', '7', '1');
INSERT INTO `sys_sequence` VALUES ('sys_module', '15', '1');
INSERT INTO `sys_sequence` VALUES ('sys_query', '13', '1');
INSERT INTO `sys_sequence` VALUES ('sys_user', '10', '1');
INSERT INTO `sys_sequence` VALUES ('wx_quest_log', '49', '1');

-- ----------------------------
-- Table structure for `sys_user`
-- ----------------------------
DROP TABLE IF EXISTS `sys_user`;
CREATE TABLE `sys_user` (
  `id` int(11) NOT NULL,
  `name` varchar(80) NOT NULL COMMENT '姓名',
  `login_name` varchar(20) NOT NULL COMMENT '登录名',
  `icon_files` varchar(100) NOT NULL DEFAULT '' COMMENT '文件hashcode',
  `district_id` int(11) NOT NULL COMMENT '类型',
  `create_time` bigint(20) NOT NULL DEFAULT 0,
  `status` smallint(6) NOT NULL DEFAULT 0 COMMENT '状态',
  `remark` varchar(100) NOT NULL DEFAULT '' COMMENT '备注',
  PRIMARY KEY (`id`)
) ENGINE=InnoDB DEFAULT CHARSET=utf8;

-- ----------------------------
-- Records of sys_user
-- ----------------------------
INSERT INTO `sys_user` VALUES ('1', 'admin', '18180770313', '202008\\0.png', '0', '0', '1', '111');
INSERT INTO `sys_user` VALUES ('10', '彭越', '18428352011', '202008\\6.png', '1', '20200813104307', '1', '');

-- ----------------------------
-- Table structure for `sys_user_role`
-- ----------------------------
DROP TABLE IF EXISTS `sys_user_role`;
CREATE TABLE `sys_user_role` (
  `role_id` int(11) NOT NULL,
  `user_id` int(11) NOT NULL,
  PRIMARY KEY (`role_id`,`user_id`),
  KEY `FK_FA_USER_ROLE_REF_USER` (`user_id`),
  CONSTRAINT `FK_FA_USER_ROLE_REF_ROLE` FOREIGN KEY (`role_id`) REFERENCES `sys_role` (`id`),
  CONSTRAINT `FK_FA_USER_ROLE_REF_USER` FOREIGN KEY (`user_id`) REFERENCES `sys_user` (`id`)
) ENGINE=InnoDB DEFAULT CHARSET=utf8;

-- ----------------------------
-- Records of sys_user_role
-- ----------------------------
INSERT INTO `sys_user_role` VALUES ('1', '1');
INSERT INTO `sys_user_role` VALUES ('2', '10');

-- ----------------------------
-- Table structure for `wx_quest_log`
-- ----------------------------
DROP TABLE IF EXISTS `wx_quest_log`;
CREATE TABLE `wx_quest_log` (
  `id` int(11) NOT NULL,
  `to_user_name` varchar(100) NOT NULL DEFAULT '',
  `from_user_name` varchar(100) NOT NULL DEFAULT '',
  `msg_type` varchar(100) NOT NULL DEFAULT '',
  `content` varchar(1000) NOT NULL DEFAULT '',
  `event_type` varchar(100) NOT NULL DEFAULT '',
  `event_key` varchar(100) NOT NULL DEFAULT '',
  `ticket` varchar(100) DEFAULT '',
  PRIMARY KEY (`id`)
) ENGINE=InnoDB DEFAULT CHARSET=utf8;

-- ----------------------------
-- Records of wx_quest_log
-- ----------------------------
INSERT INTO `wx_quest_log` VALUES ('1', '', 'oJwhPxIiFt7npgUpPF4tOhGS3YMI', 'event', '', 'subscribe', '', '');
INSERT INTO `wx_quest_log` VALUES ('2', '', 'oJwhPxIiFt7npgUpPF4tOhGS3YMI', 'event', '', 'unsubscribe', '', '');
INSERT INTO `wx_quest_log` VALUES ('6', 'gh_79f9a3893207', 'oJwhPxIiFt7npgUpPF4tOhGS3YMI', 'event', '', 'unsubscribe', '', '');
INSERT INTO `wx_quest_log` VALUES ('7', 'gh_79f9a3893207', 'oJwhPxIiFt7npgUpPF4tOhGS3YMI', 'event', '', 'subscribe', '', '');
INSERT INTO `wx_quest_log` VALUES ('9', 'gh_79f9a3893207', 'oJwhPxIiFt7npgUpPF4tOhGS3YMI', 'event', '', 'unsubscribe', '', '');
INSERT INTO `wx_quest_log` VALUES ('11', 'gh_79f9a3893207', 'oJwhPxIiFt7npgUpPF4tOhGS3YMI', 'event', '', 'subscribe', '', '');
INSERT INTO `wx_quest_log` VALUES ('13', 'gh_79f9a3893207', 'oJwhPxIiFt7npgUpPF4tOhGS3YMI', 'event', '', 'subscribe', '', '');
INSERT INTO `wx_quest_log` VALUES ('15', 'gh_79f9a3893207', 'oJwhPxIiFt7npgUpPF4tOhGS3YMI', 'event', '', 'subscribe', '', '');
INSERT INTO `wx_quest_log` VALUES ('17', 'gh_79f9a3893207', 'oJwhPxIiFt7npgUpPF4tOhGS3YMI', 'event', '', 'subscribe', '', '');
INSERT INTO `wx_quest_log` VALUES ('19', 'gh_79f9a3893207', 'oJwhPxIiFt7npgUpPF4tOhGS3YMI', 'event', '', 'subscribe', '', '');
INSERT INTO `wx_quest_log` VALUES ('21', 'gh_79f9a3893207', 'oJwhPxIiFt7npgUpPF4tOhGS3YMI', 'event', '', 'subscribe', '', '');
INSERT INTO `wx_quest_log` VALUES ('23', 'gh_79f9a3893207', 'oJwhPxIiFt7npgUpPF4tOhGS3YMI', 'event', '', 'subscribe', '', '');
INSERT INTO `wx_quest_log` VALUES ('25', 'gh_79f9a3893207', 'oJwhPxIiFt7npgUpPF4tOhGS3YMI', 'event', '', 'subscribe', '', '');
INSERT INTO `wx_quest_log` VALUES ('27', 'gh_79f9a3893207', 'oJwhPxIiFt7npgUpPF4tOhGS3YMI', 'event', '', 'subscribe', '', '');
INSERT INTO `wx_quest_log` VALUES ('29', 'gh_79f9a3893207', 'oJwhPxIiFt7npgUpPF4tOhGS3YMI', 'event', '', 'subscribe', '', '');
INSERT INTO `wx_quest_log` VALUES ('31', 'gh_79f9a3893207', 'oJwhPxIiFt7npgUpPF4tOhGS3YMI', 'event', '', 'unsubscribe', '', '');
INSERT INTO `wx_quest_log` VALUES ('33', 'gh_79f9a3893207', 'oJwhPxIiFt7npgUpPF4tOhGS3YMI', 'event', '', 'unsubscribe', '', '');
INSERT INTO `wx_quest_log` VALUES ('35', 'gh_79f9a3893207', 'oJwhPxIiFt7npgUpPF4tOhGS3YMI', 'event', '', 'unsubscribe', '', '');
INSERT INTO `wx_quest_log` VALUES ('37', 'gh_79f9a3893207', 'oJwhPxIiFt7npgUpPF4tOhGS3YMI', 'event', '', 'unsubscribe', '', '');
INSERT INTO `wx_quest_log` VALUES ('39', 'gh_79f9a3893207', 'oJwhPxIiFt7npgUpPF4tOhGS3YMI', 'event', '', 'unsubscribe', '', '');
INSERT INTO `wx_quest_log` VALUES ('41', 'gh_79f9a3893207', 'oJwhPxIiFt7npgUpPF4tOhGS3YMI', 'event', '', 'unsubscribe', '', '');
INSERT INTO `wx_quest_log` VALUES ('43', 'gh_79f9a3893207', 'oJwhPxIiFt7npgUpPF4tOhGS3YMI', 'event', '', 'unsubscribe', '', '');
INSERT INTO `wx_quest_log` VALUES ('45', 'gh_79f9a3893207', 'oJwhPxIiFt7npgUpPF4tOhGS3YMI', 'event', '', 'unsubscribe', '', '');
INSERT INTO `wx_quest_log` VALUES ('47', 'gh_79f9a3893207', 'oJwhPxIiFt7npgUpPF4tOhGS3YMI', 'event', '', 'subscribe', '', '');
INSERT INTO `wx_quest_log` VALUES ('49', 'gh_79f9a3893207', 'oJwhPxEEH8gDNcx8B4R4RtB43Mjc', 'event', '', 'subscribe', '', '');

-- ----------------------------
-- Table structure for `wx_user`
-- ----------------------------
DROP TABLE IF EXISTS `wx_user`;
CREATE TABLE `wx_user` (
  `openid` varchar(50) NOT NULL DEFAULT '' COMMENT '用户唯一标识',
  `nickname` varchar(100) NOT NULL DEFAULT '' COMMENT '用户昵称',
  `sex` varchar(100) NOT NULL DEFAULT '' COMMENT '用户的性别，值为1时是男性，值为2时是女性，值为0时是未知',
  `province` varchar(1000) NOT NULL DEFAULT '' COMMENT '用户个人资料填写的省份',
  `city` varchar(100) NOT NULL DEFAULT '' COMMENT '普通用户个人资料填写的城市',
  `country` varchar(100) NOT NULL DEFAULT '' COMMENT '国家，如中国为CN',
  `headimgurl` varchar(500) NOT NULL DEFAULT '' COMMENT '用户头像',
  `unionid` varchar(100) NOT NULL DEFAULT '' COMMENT '只有在用户将公众号绑定到微信开放平台帐号后，才会出现该字段',
  `ip` varchar(16) NOT NULL DEFAULT '' COMMENT 'ip地址',
  `address` varchar(20) NOT NULL DEFAULT '' COMMENT '地址',
  `create_time` bigint(20) NOT NULL COMMENT '创建时间',
  `last_time` bigint(20) NOT NULL COMMENT '最后时间',
  `language` varchar(20) NOT NULL DEFAULT '' COMMENT '用户的语言，简体中文为zh_CN',
  `subscribe` int(11) NOT NULL COMMENT '用户是否订阅该公众号标识，值为0时，代表此用户没有关注该公众号，拉取不到其余信息。',
  `subscribe_time` bigint(20) NOT NULL COMMENT '用户关注时间，为时间戳。如果用户曾多次关注，则取最后关注时间',
  `remark` varchar(100) NOT NULL DEFAULT '' COMMENT '公众号运营者对粉丝的备注',
  `groupid` int(11) NOT NULL COMMENT '用户所在的分组ID',
  `tagid_list_str` varchar(100) NOT NULL DEFAULT '' COMMENT '用户被打上的标签ID列表',
  `subscribe_scene` varchar(30) NOT NULL DEFAULT '' COMMENT '户关注的渠道来源',
  `qr_scene` varchar(10) NOT NULL DEFAULT '' COMMENT '二维码扫码场景',
  `qr_scene_str` varchar(10) NOT NULL DEFAULT '' COMMENT '二维码扫码场景描述',
  PRIMARY KEY (`openid`)
) ENGINE=InnoDB DEFAULT CHARSET=utf8;

-- ----------------------------
-- Records of wx_user
-- ----------------------------
INSERT INTO `wx_user` VALUES ('oJwhPxDJVwKJLP1qbDKGuqCzCY-w', '加油', '0', '', '', '', 'https://thirdwx.qlogo.cn/mmopen/vi_32/Q0j4TwGTfTKfsdaiargZibEvP6GaWlh9S1YCQ1ccM7D6bCZcg1NPNSU4tavfq9ZIGV7oPOUVmLGrbZyrFHS37Gag/132', '', '127.0.0.1', '未知未知', '20200812143839', '20200812143839', '', '0', '0', '', '0', '', '', '', '');
INSERT INTO `wx_user` VALUES ('oJwhPxEEH8gDNcx8B4R4RtB43Mjc', '物流', '2', '四川', '成都', '中国', 'http://thirdwx.qlogo.cn/mmopen/vi_32/sibKHGaZz0uXPWTHxXQDrlV9OC1SIicCT2RPXkc3M8Suh5SribxicibsiavkxIXaHLjMiba9G3qvlzSQgIf54SkBcN2ibA/132', '', '127.0.0.1', '未知未知', '20200812144230', '20200812144530', 'zh_CN', '0', '1597214550', '', '0', '', 'ADD_SCENE_QR_CODE', '0', '');
INSERT INTO `wx_user` VALUES ('oJwhPxIiFt7npgUpPF4tOhGS3YMI', '翁志来', '1', '四川', '南充', '中国', 'http://thirdwx.qlogo.cn/mmopen/vi_32/5AricnI6TcZsEPWsQGcPN4N0wavvIyJepJcN8faBticEtZw0UlQeKM8Vic8QN3vb55zt3vYQqBhlt3XF0dlcibbWsQ/132', '', '127.0.0.1', '未知未知', '20200806142740', '20200812143906', 'zh_CN', '0', '1597199454', '', '0', '', 'ADD_SCENE_QR_CODE', '0', '');
